CarID,CarLabel,Name,ModelPath
21,`_117_coupe_68`,Isuzu 117COUPÉ '68,0018/0001
22,`_147_20_twinspark_02`,Alfa Romeo 147 2.0 TWIN SPARK '02,0010/0002
24,`_180sx_x_96`,Nissan 180SX Type X '96,0003/0002
25,`_300zx_2seat_us_98`,Nissan 300ZX 2seater (Z32) '98,0003/0003
27,`_500_f_65`,Fiat 500 F '65,0024/0001
28,`alpine_a110_16s_73`,Alpine A110 1600S '73,0023/0001
29,`altoworks_sport_ltd_97`,Suzuki ALTO WORKS SUZUKI SPORT LIMITED '97,0006/0002
30,`atenza_5hb_01`,Mazda Atenza Concept '01,0001/0002
31,`camaro_z28_302_69`,Chevrolet Camaro Z28 '69,0022/0029
32,`camaro_z28_coupe_97`,Chevrolet Camaro Z28 Coupe '97,0022/0005
35,`celica_ss2_97`,Toyota CELICA SS-II (ST202) '97,0004/0004
36,`chevelle_ss_454_ls6_70`,Chevrolet Chevelle SS 454 '70,0022/0003
37,`civic_sir2_93`,Honda CIVIC SiR-II (EG) '93,0005/0072
38,`clio_renaultsport_20_02`,Renault Sport Clio R.S. 2.0 16V '02,0044/0001
40,`corvette_gs_96`,Chevrolet Corvette GRAND SPORT (C4) '96,0022/0006
41,`corvette_l46_350_69`,Chevrolet Corvette Stingray L46 350 (C3) '69,0022/0002
42,`crossfire_04`,Chrysler Crossfire '04,0041/0002
43,`cuda_440_6_71`,Plymouth Cuda 440 Six Pack '71,0026/0001
45,`dodge_viper_gtsr_oreca_00`,SRT Viper GTS-R (Team Oreca) #91 '00,0051/0001
46,`elise2000_00`,Lotus Elise '00,0009/0002
48,`fairlady_240zg_71`,Nissan Fairlady 240ZG (HS30) '71,0003/0001
49,`focus_rs_02`,Ford Focus RS '02,0086/0005
50,`ford_gt_concept_gulf_02`,Ford GT LM Race Car,0002/0003
51,`fto_gpr_97`,Mitsubishi FTO    GP Version R '97,0012/0004
52,`giulia_sprint_gta_65`,Alfa Romeo Giulia Sprint GTA 1600 '65,0010/0001
54,`gto_tt_95`,Mitsubishi GTO    Twin Turbo '95,0012/0003
55,`gtr_concept_lm_01`,Nissan GT-R Concept LM Race Car,0003/0010
56,`impreza_wrc_03`,Subaru IMPREZA Rally Car '03,0020/0003
57,`impreza_wrx_pro_01`,Subaru IMPREZA WRX STi Prodrive Style (Type-I) '01,0020/0002
58,`impreza_wrx_sti_02`,Subaru IMPREZA Sedan WRX STi (Type-II) '02,0020/0001
59,`ka_01`,Ford Ka '01,0086/0006
60,`lancer_evo7_gsr_01`,Mitsubishi Lancer Evolution VII    GSR '01,0012/0002
62,`lancer_evo8_gsr_03`,Mitsubishi Lancer Evolution VIII    GSR '03,0012/0001
63,`levin_gt_apex_83`,Toyota COROLLA LEVIN GT-APEX (AE86) '83,0004/0001
65,`mini_cooper_s_02`,MINI COOPER S '02,0050/0001
66,`mira_tr_xx_avar_97`,Daihatsu MIRA TR-XX Avanzato R '97,0011/0002
67,`nsx_r_proto_lm_01`,Honda NSX-R Prototype LM Race Car,0005/0005
68,`nsx_s_zero_97`,Honda NSX Type S Zero '97,0005/0004
69,`pontiac_gto_389_348_64`,Pontiac Tempest Le Mans GTO '64,0021/0001
70,`pontiac_vibe_gt_03`,Pontiac Vibe GT '03,0021/0002
71,`prelude_s_96`,Honda PRELUDE Type S '96,0005/0001
72,`primera_20v_01`,Nissan PRIMERA 20V '01,0003/0009
75,`rx8_lm_01`,Mazda RX-8 Concept LM Race Car,0001/0003
76,`rx8_tmv_01`,Mazda RX-8 Concept (Type-II) '01,0001/0001
77,`s13_ks_88`,Nissan SILVIA K's (S13) '88,0003/0005
78,`s14_ks_aero_96`,Nissan SILVIA K's AERO (S14) '96,0003/0006
79,`ssr_03`,Chevrolet SSR '03,0022/0004
80,`storia_x4_98`,Daihatsu STORIA X4 '00,0011/0003
81,`sunfire_gxp_02`,Pontiac Sunfire GXP Concept '02,0021/0003
82,`supra_rz_97`,Toyota SUPRA RZ '97,0004/0006
85,`will_vs_01`,Toyota WiLL VS '01,0004/0007
86,`z_tmv_lm_01`,Nissan Fairlady Z Concept LM Race Car,0003/0008
87,`_147_gta_02`,Alfa Romeo 147 GTA '02,0010/0004
89,`prius_g_touring_03`,Toyota PRIUS G Touring Selection (J) '03,0004/0008
90,`prius_g_02`,Toyota PRIUS G (J) '02,0004/0010
91,`viper_gtsr_oreca_00`,Viper GTS-R (Team Oreca) #51 '00,0041/0003
92,`crx_15i_83`,Honda BALLADE SPORTS CR-X 1.5i '83,0005/0006
93,`city_turbo2_83`,Honda CITY Turbo II '83,0005/0007
95,`piazza_xe_81`,Isuzu PIAZZA XE '81,0018/0002
96,`delta_s4_wrc_85`,Lancia DELTA S4 Rally Car '85,0043/0001
97,`lantis_coupe_r_93`,Mazda Lantis Coupe 2000 Type R '93,0001/0005
98,`familia_sd_sport20_02`,Mazda Familia Sedan Sport 20 '02,0001/0004
99,`eclipse_gt_95`,Mitsubishi ECLIPSE    GT '95,0012/0006
101,`_240rs_gpb_rally_85`,Nissan 240RS Rally Car '85,0003/0012
102,`r31_skyline_gtsr_87`,Nissan SKYLINE GTS-R (R31) '87,0003/0016
103,`primera_20te_90`,Nissan PRIMERA 2.0Te '90,0003/0014
104,`sileighty_xx`,Nissan SILEIGHTY '98,0003/0015
105,`_205_t16_wrc_ev2_86`,Peugeot 205 Turbo 16 Evolution 2 '86,0025/0001
106,`_5_maxi_turbo_rally_85`,Renault Sport R5 Turbo Rallye '85,0044/0002
107,`celica_xx_2800gt_81`,Toyota CELICA XX 2800GT '81,0004/0012
108,`celica_2000gt_r_86`,Toyota CELICA 2000GT-R (ST162) '86,0004/0013
109,`mr2_1600_glim_sc_86`,Toyota MR2 1600 G-Limited Super Charger '86,0004/0015
111,`celica_gt_four_rc_91`,Toyota CELICA GT-FOUR RC (ST185) '91,0004/0014
112,`levin_bzr_98`,Toyota COROLLA LEVIN BZ-R '98,0004/0016
113,`trueno_bzr_98`,Toyota SPRINTER TRUENO BZ-R '98,0004/0017
114,`panoz_esperante_race_98`,Panoz Esperante GTR-1 Race Car '98,0081/0001
115,`r390_race_98`,Nissan R390 GT1 '98,0003/0017
118,`legacy_wgn_20gt_b_03`,Subaru LEGACY Touring Wagon 2.0GT spec.B '03,0020/0008
119,`legacy_sdn_20gt_b_03`,Subaru LEGACY B4 2.0GT spec.B '03,0020/0007
121,`impreza_wrc_99`,Subaru IMPREZA Rally Car '99,0020/0006
122,`legacy_gtb_96`,Subaru LEGACY Touring Wagon GT-B '96,0020/0012
123,`legacy_b4_rsk_98`,Subaru LEGACY B4 RSK '98,0020/0014
124,`legacy_b4_blitzen_00`,Subaru LEGACY B4 Blitzen '00,0020/0013
125,`legacy_wgn_30r_03`,Subaru LEGACY Touring Wagon 3.0R '03,0020/0010
126,`legacy_b4_30r_03`,Subaru LEGACY B4 3.0R '03,0020/0009
127,`_1300_coupe_9s_70`,Honda 1300 Coupe 9 S '70,0005/0009
129,`hsc_concept_03`,"Honda HSC ""The 37th Tokyo Motor Show Concept Car"" '03",0005/0020
130,`insight_mt_99`,Honda INSIGHT '99,0005/0012
131,`n360_67`,Honda N360 '67,0005/0013
132,`odyssey_l_4wd_03`,Honda ODYSSEY '03,0005/0021
133,`s2000_03`,Honda S2000 '03,0005/0022
134,`prelude_sir_96`,Honda PRELUDE SiR '96,0005/0014
135,`s800_66`,Honda S800 '66,0005/0015
136,`today_g_85`,Honda TODAY G '85,0005/0016
137,`beat_91`,Honda BEAT '91,0005/0011
138,`takata_dome_nsx_03`,Honda TAKATA DOME NSX '03,0005/0023
139,`raybrig_nsx_00`,Honda RAYBRIG NSX '00,0005/0025
140,`castrol_nsx_00`,Honda Castrol MUGEN NSX '00,0005/0024
141,`arta_nsx_00`,Honda ARTA NSX '00,0005/0026
142,`loctite_nsx_01`,Honda LOCTITE MUGEN NSX '01,0005/0027
143,`mobil_nsx_01`,Honda Mobil 1 NSX '01,0005/0028
144,`arta_garaiya_03`,Autobacs ARTA Garaiya '03,0084/0001
145,`copen_activetop_02`,Daihatsu Copen Active Top '02,0011/0019
146,`midget2_d_type_98`,Daihatsu Midget II D type '98,0011/0005
148,`spoon_fit_03`,Spoon FIT Race Car '03,0072/0001
149,`kusabi_concept_03`,Mazda KUSABI '03,0001/0006
150,`lancer_1600gsr_73`,Mitsubishi Lancer    1600 GSR '74,0012/0007
151,`lancer_evo_gsr_92`,Mitsubishi Lancer Evolution    GSR '92,0012/0008
153,`eclipse_spyder_gts_03`,Mitsubishi ECLIPSE    Spyder GTS '03,0012/0011
154,`hsr2_concept_89`,Mitsubishi HSR-II '89,0012/0012
155,`i_concept_03`,Mitsubishi i    Concept '03,0012/0013
156,`bluebird_1600dx_67`,Nissan BLUEBIRD 1600 Deluxe (510) '69,0003/0018
157,`cube_ex_2wd_02`,Nissan CUBE EX (FF/CVT) '02,0003/0019
158,`march_g_2wd_3dr_99`,Nissan March G# '99,0003/0020
159,`v35_skyline_coupe_350gt_03`,Nissan SKYLINE Coupe 350GT '03,0003/0022
160,`fairlady_z_roadster_03`,Nissan Fairlady Z Roadster (Z33) '03,0003/0023
161,`xanavi_nismo_gtr_03`,Nissan XANAVI NISMO GT-R '03,0003/0024
162,`cusco_impreza_03`,CUSCO SUBARU ADVAN IMPREZA '03,0020/0011
163,`concept_s2_03`,Suzuki CONCEPT-S2 '03,0006/0003
164,`arist_30v_91`,Toyota ARISTO 3.0V '91,0004/0019
165,`arist_v300_vertex_00`,Toyota ARISTO V300 Vertex Edition '00,0004/0020
166,`bb_15z_x_2wd_00`,Toyota bB 1.5Z X Version '00,0004/0021
167,`celica_1600gt_70`,Toyota CELICA 1600GT (TA22) '70,0004/0022
168,`ist_15s_2wd_02`,Toyota ist 1.5S '02,0004/0024
169,`woodone_supra_03`,Toyota WOODONE TOM'S SUPRA '03,0004/0027
170,`a112_abarth_79`,Autobianchi A112 Abarth '79,0141/0001
171,`c5_v6_exclusive_03`,Citroën C5 V6 Exclusive '03,0042/0001
172,`panda_super_ie_90`,Fiat Panda Super i.e. '90,0024/0002
173,`_5_turbo_80`,Renault R5 Turbo '80,0044/0003
176,`cerbera_speed6_97`,TVR Cerbera Speed 6 '97,0015/0001
178,`lupo_gti_cup_03`,Volkswagen Lupo GTI Cup Car (J) '03,0037/0003
179,`_1100_standard_type11_49`,Volkswagen Beetle 1100 Standard (Type-11) '49,0037/0004
180,`impreza_wrx_sti1_94`,Subaru IMPREZA Sedan WRX STi '94,0020/0004
181,`au_supra_01`,Toyota au CERUMO Supra '01,0004/0028
182,`pennzoil_gtr_01`,Nissan PENNZOIL ZEXEL GT-R '01,0003/0026
183,`mrs_autobacs_00`,Toyota SUPERAUTOBACS APEX MR-S '00,0004/0029
184,`razo_silvia_01`,Nissan C-WEST RAZO SILVIA '01,0003/0027
185,`_350z_03`,"Nissan 350Z (Z33, US) '03",0003/0118
187,`tuscan_speed6_00`,TVR Tuscan Speed 6 '00,0015/0010
189,`r_gt_00`,RUF RGT '00,0070/0003
190,`beetle_cup_00`,Volkswagen New Beetle Cup Car '00,0037/0005
191,`lupo_cup_00`,Volkswagen Lupo Cup Car '00,0037/0006
192,`mm_r_tmv_01`,Nissan mm-R Cup Car '01,0003/0028
193,`trial_celica_ss2_03`,TRIAL CELICA SS-II (ZZT231) '03,0177/0001
194,`murao_rx7_03`,Mazda BP FALKEN RX-7 '03,0176/0001
197,`vitz_rs15_00`,Toyota Vitz RS 1.5 '00,0004/0025
198,`colt_15_sportx_02`,Mitsubishi COLT    1.5 Sport X Version '02,0012/0014
199,`demio_sport_03`,Mazda DEMIO SPORT '03,0001/0009
200,`fit_w_ff_01`,Honda FIT W '01,0005/0017
201,`roadster_89`,Mazda Eunos Roadster (NA Special Package) '89,0001/0104
203,`integra_r_98`,Honda INTEGRA TYPE R (DC2) '98,0005/0019
204,`civic_r_98`,Honda CIVIC TYPE R (EK) '98,0005/0018
205,`rx7_spiritr_a_02`,Mazda RX-7 Spirit R Type A (FD) '02,0001/0105
206,`rx8_types_03`,Mazda RX-8 Type S '03,0001/0008
207,`mr2_gts_97`,Toyota MR2 GT-S '97,0004/0026
209,`sl55_amg_02`,Mercedes-Benz SL 55 AMG (R230) '02,0053/0026
210,`r34_gtr_v2_nur_02`,Nissan SKYLINE GT-R V·spec II Nür (R34) '02,0003/0157
211,`lancer_evo5_gsr_98`,Mitsubishi Lancer Evolution V    GSR '98,0012/0009
212,`ford_gt_concept_dmv_02`,Ford GT Concept '02,0002/0004
213,`spoon_civic_00`,Spoon CIVIC TYPE R (EK) '00,0072/0002
214,`spoon_s2000_race_00`,Spoon S2000 Race Car '00,0072/0003
215,`nismo_fairlady_z_ztune_03`,NISMO Fairlady Z Z-tune (Z33) '03,0061/0001
216,`mclaren_f1_gtr_long_97`,BMW McLaren F1 GTR Race Car '97,0077/0001
217,`focus_wrc_99`,Ford Focus Rally Car '99,0086/0001
221,`mrs_sedition_99`,Toyota MR-S S Edition '99,0004/0031
222,`trd_celica_sportm_00`,CELICA TRD Sports M (ZZT231) '00,0060/0001
223,`lancer_evo4_wrc_97`,Mitsubishi Lancer Evolution IV    Rally Car '97,0012/0015
225,`castrol_supra_00`,Toyota Castrol TOM'S SUPRA '00,0004/0032
226,`castrol_supra_01`,Toyota Castrol TOM'S SUPRA '01,0004/0034
228,`denso_supra_00`,Toyota DENSO SARD SUPRA GT '00,0004/0033
230,`rsc_tmv_lm_01`,Toyota RSC Rally Raid Car,0004/0037
231,`soarer_430scv_01`,Toyota SOARER 430SCV '01,0004/0038
232,`vitz_euro_00`,Toyota Vitz U Euro Sport Edition '00,0004/0039
233,`mines_evo6_00`,Mine's LANCER EVOLUTION VI '00,0068/0002
234,`mines_r34_00`,Mine's BNR34 SKYLINE GT-R V?spec N1 base '00,0068/0001
273,`jazz_14_dsi_se_sp_01`,Honda JAZZ 1.4 DSi SE Sport '01,0005/0029
274,`s2000_eu_03`,HONDA S2000 (EU) '03,0005/0030
275,`mazda2_03`,Mazda2 '03,0001/0011
276,`mx5_eu_89`,Mazda MX-5 (NA) '89,0001/0012
278,`_350z_roadster_03`,"Nissan 350Z Roadster (Z33, US) '03",0003/0119
279,`_240zg_71`,Nissan 240ZG (HS30) '71,0003/0031
280,`yaris_15_16v_00`,Toyota Yaris RS 1.5 (J) '00,0004/0040
281,`_120i_04`,BMW 120i '04,0007/0002
282,`pescarolo_c60_lmp1_04`,Pescarolo-Courage - Judd GV5 '04,0169/0001
283,`opel_vectra_32v6_jp_03`,Opel Vectra 3.2 V6 '03,0039/0004
284,`kei_works_4wd_02`,Suzuki Kei WORKS '02,0006/0004
285,`taurus_sho_98`,Ford Taurus SHO '98,0002/0005
289,`civic_r_01`,Honda CIVIC TYPE R (EP) '01,0005/0033
291,`integra_r_lm_01`,Honda INTEGRA TYPE R Touring Car,0005/0035
293,`nsx_r_92`,Honda NSX Type R '92,0005/0037
294,`garaiya_02`,Autobacs Garaiya '02,0084/0002
295,`dome_zero_78`,DOME-ZERO '78,0017/0001
296,`_787b_91`,Mazda 787B '91,0001/0102
297,`atenza_5hb_n1_01`,Mazda Atenza Touring Car,0001/0020
298,`roadster_18rs_98`,Mazda Roadster 1.8 RS (NB) '98,0001/0022
299,`rx7_a3_90`,Mazda SAVANNA RX-7 INFINI III (FC) '90,0001/0017
300,`fto_lm_race_00`,Mitsubishi FTO    Super Touring Car,0012/0018
301,`lancer_evo4_96`,Mitsubishi Lancer Evolution IV    GSR '96,0012/0081
302,`lancer_evo6_gsr_99`,Mitsubishi Lancer Evolution VI    GSR '99,0012/0019
304,`starion_4wd_gpb_84`,Mitsubishi STARION    4WD Rally Car '84,0012/0021
306,`cube_x_98`,Nissan CUBE X '98,0003/0034
307,`s13_ks_91`,Nissan SILVIA K's (S13) '91,0003/0037
308,`r32_gtst_m_91`,Nissan SKYLINE GTS-t Type M (R32) '91,0003/0038
309,`impreza_wg_wrx_99`,Subaru IMPREZA Sport Wagon WRX STi Version VI '99,0020/0017
311,`cien_dmv_02`,Cadillac CIEN '02,0056/0001
312,`camaro_ss_00`,Chevrolet Camaro SS '00,0022/0009
313,`corvette_cr5_00`,Chevrolet Corvette C5-R (C5) '00,0022/0008
314,`viper_gtsr_00`,SRT Viper GTS R Concept '00,0051/0004
315,`cobra_67`,Shelby Cobra 427 '66,0071/0004
316,`gt40_race_69`,Ford GT40 Race Car '69,0002/0007
317,`mustang_svt_cobrar_00`,Ford Mustang SVT Cobra R '00,0002/0008
319,`rs6_02`,Audi RS 6 '02,0057/0005
320,`tt_00`,Audi TT Coupe 1.8T quattro '00,0057/0002
321,`tt_dtm_02`,Abt Audi TT-R '02,0057/0003
322,`_3400s_00`,RUF 3400S '00,0070/0004
323,`opel_astra_race_00`,Opel Astra V8 Coupé (Opel Team Phoenix) '00,0039/0002
325,`opel_corsa_comf_14_3dr_01`,Opel Corsa Comfort 1.4 '01,0039/0005
326,`w12_tmv_01`,Volkswagen W12 Nardò '01,0037/0008
327,`coupe_turboplus_00`,Fiat Coupe Turbo Plus '00,0024/0004
328,`zonda_c12s_gmv_02`,Pagani Zonda C12S 7.3 '02,0080/0001
329,`zonda_race_00`,Pagani Zonda LM Race Car,0080/0002
330,`pescarolo_c60_03`,Pescarolo Sport Courage C60 - Peugeot '03,0169/0002
332,`_206cc_20_01`,Peugeot 206 CC '01,0025/0003
334,`clio_sport_v6_00`,Renault Sport Clio V6 24V '00,0044/0017
335,`clio_sport_race_00`,Renault Sport Clio V6 Trophy 24V '00,0044/0005
337,`s_type_r_02`,Jaguar S-TYPE R '02,0008/0002
339,`xkr_rperform_02`,Jaguar XKR R Performance '02,0008/0001
340,`esprit_sport350_00`,Lotus Esprit Sport 350 '00,0009/0006
342,`cerbera_speed12_00`,TVR Cerbera Speed 12 '00,0015/0005
343,`falcon_xr8_race_00`,2000 Ford Falcon XR8,0082/0001
345,`trueno_gt_apex_shigeno_00`,Toyota SPRINTER TRUENO GT-APEX (AE86 Shuichi Shigeno Version) '00,0004/0044
346,`clix_concept_01`,Hyundai CLIX '01,0083/0002
347,`coupe_27_v6_01`,Hyundai Coupe FX '01,0083/0001
348,`clk_race_00`,Mercedes-Benz CLK Touring Car '00,0053/0006
349,`barchetta_gd_00`,Fiat Barchetta Giovane Due '00,0024/0003
350,`punto_hgt_abarth_00`,Fiat Punto HGT Abarth '00,0024/0005
351,`r32_gtr_stune_00`,NISMO Skyline GT-R S-tune (R32) '00,0061/0003
352,`z_act_70`,Honda Z ACT '70,0005/0039
353,`mirage_cyborg_zr_97`,Mitsubishi MIRAGE    CYBORG ZR '97,0012/0020
354,`be1_87`,Nissan Be-1 '87,0003/0035
355,`r30_skyline_ht2000_turbo_rs_83`,Nissan SKYLINE Hard Top 2000 Turbo RS (R30) '83,0003/0041
357,`sera_92`,Toyota SERA '92,0004/0043
358,`legacy_b4_20gt_03`,Subaru LEGACY B4 2.0GT '03,0020/0015
359,`legacy_wgn_20gt_03`,Subaru LEGACY Touring Wagon 2.0GT '03,0020/0016
360,`saleen_s7_02`,Saleen S7 '02,0064/0001
361,`m3_gtr_alms_01`,BMW M3 GTR Race Car '01,0007/0003
362,`_190e_evo2_dtm_92`,AMG Mercedes 190 E 2.5 - 16 Evolution II '92,0053/0003
363,`t350c_03`,TVR T350C '03,0015/0006
364,`golf_r32_3d_03`,Volkswagen Golf IV R32 '03,0037/0007
365,`_155_v6ti_dtm_93`,Alfa Romeo 155 2.5 V6 TI '93,0010/0005
366,`carol_360_deluxe_62`,Mazda Carol 360 Deluxe '62,0001/0015
367,`opel_calibra_race_94`,Opel Calibra Touring Car '94,0039/0003
368,`roadster_rs_00`,Mazda Roadster 1800 RS (NB) '00,0001/0016
370,`nsx_r_01`,Honda NSX-R Concept '01,0005/0060
371,`prelude_si_vtec_91`,Honda PRELUDE Si VTEC '91,0005/0038
372,`amuse_s2000_04`,Amuse S2000 Street Version '04,0180/0001
373,`cosmo_sport_68`,Mazda Cosmo Sport (L10B) '68,0001/0014
374,`rx7_gtx_90`,Mazda RX-7 GT-X (FC) '90,0001/0106
376,`r89c_89`,Nissan R89C '89,0003/0036
377,`r30_skyline_ht2000_rsx_tc_84`,Nissan SKYLINE Hard Top 2000 RS-X Turbo C (R30) '84,0003/0040
379,`impreza_coupe_wrx_sti6_99`,Subaru IMPREZA Coupe WRX typeR STi Version VI '99,0020/0018
380,`corvette_convertible_54`,Chevrolet Corvette Convertible (C1) '54,0022/0007
381,`srt4_03`,SRT4 '03,0051/0003
382,`a2_14_02`,Audi A2 1.4 '02,0057/0001
383,`a3_32_quattro_03`,Audi A3 3.2 quattro '03,0057/0004
385,`_320i_etcc_03`,BMW 320i Touring Car '03,0007/0005
386,`v12_lmr_99`,BMW V12 LMR '99,0007/0004
387,`_300sl_coupe_54`,Mercedes-Benz 300 SL Coupé '54,0053/0025
388,`clk_gtr_race_98`,AMG Mercedes CLK-LM '98,0053/0002
390,`opel_tigra_16i_99`,Opel Tigra 1.6i '99,0039/0001
392,`gtv_30v6_v24_01`,Alfa Romeo GTV 3.0 V6 24V '01,0010/0007
393,`stratos_wrc_77`,Lancia STRATOS Rally Car '77,0043/0004
394,`esprit_turbo_hc_87`,Lotus Esprit Turbo HC '87,0009/0004
395,`_120d_04`,BMW 120d '04,0007/0006
396,`nsx_r_02`,Honda NSX Type R '02,0005/0103
397,`celica_st185_wrc_95`,Toyota CELICA GT-FOUR Rally Car (ST185) '95,0004/0042
398,`arist_v300_00`,Toyota ARISTO V300 '00,0004/0041
400,`s3_02`,Audi S3 '02,0057/0006
401,`falken_gtr_nur_04`,Nissan FALKEN GT-R '04,0003/0044
412,`_206_s16_99`,Peugeot 206 S16 '99,0025/0010
413,`_350z_lm_us_02`,Nissan 350Z Concept LM Race Car,0003/0011
414,`accord_euro_r_02`,Honda ACCORD Euro-R '02,0005/0059
415,`accord_euror_00`,Honda ACCORD Euro-R '00,0005/0083
417,`acura_nsx_32l_97`,Acura NSX Coupe '97,0040/0004
424,`airtrek_turbo_02`,Mitsubishi AIRTREK    Turbo-R '02,0012/0022
425,`alfa_spider_30v6_01`,Alfa Romeo Spider 3.0i V6 24V '01,0010/0009
426,`altezza_as200_98`,Toyota ALTEZZA AS200 '98,0004/0059
427,`altezza_gita_as300_01`,Toyota ALTEZZA Gita AS300 '01,0004/0060
428,`altezza_lm_race_00`,Toyota ALTEZZA Touring Car,0004/0051
429,`altezza_rs200_98`,Toyota ALTEZZA RS200 '98,0004/0061
430,`beetle_20_00`,Volkswagen New Beetle 2.0 '00,0037/0011
431,`beetle_rsi_00`,Volkswagen New Beetle RSi '00,0037/0012
432,`c8_laviolette_02`,Spyker C8 Laviolette '01,0035/0001
433,`calsonic_gtr_00`,Nissan CALSONIC SKYLINE '00,0003/0112
434,`camaro_race_00`,Chevrolet Camaro LM Race Car,0022/0016
435,`cappuccino_95`,Suzuki Cappuccino (EA21R) '95,0006/0019
436,`celica_ss2_99`,Toyota CELICA SS-II (ZZT231) '99,0004/0065
437,`civic_r_eu_01`,"Honda CIVIC TYPE R (EP, EU) '01",0005/0064
438,`cl600_00`,Mercedes-Benz CL 600 '00,0053/0007
439,`clk55_00`,Mercedes-Benz CLK 55 AMG '00,0053/0008
440,`corvette_z06_00`,Chevrolet Corvette Z06 (C5) '00,0022/0010
441,`cz3_tar_tmv_01`,Mitsubishi CZ-3    Tarmac '01,0012/0040
442,`cz3_tar_wrc_01`,Mitsubishi CZ-3    Tarmac Rally Car,0012/0041
443,`db7_vantage_coupe_00`,Aston Martin DB7 Vantage Coupe '00,0062/0003
444,`demio_glx_99`,Mazda DEMIO GL-X '99,0001/0057
445,`elise_type72_01`,Lotus Elise Type 72 '01,0009/0009
446,`esprit_v8_se_98`,Lotus Esprit V8 SE '98,0009/0012
447,`evo6_wrc_99`,Mitsubishi Lancer Evolution VI    Rally Car '99,0012/0026
448,`gsx_r_4_tmv_01`,Suzuki GSX-R/4 '01,0006/0008
449,`gto_tt_98`,Mitsubishi GTO    Twin Turbo '98,0012/0052
451,`impreza_22b_98`,Subaru IMPREZA Coupe 22B-STi Version '98,0020/0019
452,`impreza_lm_race_00`,Subaru IMPREZA Super Touring Car,0020/0022
454,`impreza_wrc_01`,Subaru IMPREZA Rally Car '01,0020/0023
455,`impreza_wrc_prot_01`,Subaru IMPREZA Rally Car Prototype '01,0020/0028
456,`impreza_wrx_sti_00`,Subaru IMPREZA Sedan WRX STi Version (Type-I) '00,0020/0020
457,`infiniti_fx45_dmv_02`,Infiniti FX45 Concept '02,0085/0001
458,`infiniti_g35_03`,Infiniti G35 Sedan '03,0085/0003
459,`lancer_evo6_rs_99`,Mitsubishi Lancer Evolution VI    RS '99,0012/0025
461,`lancer_evo7_gta_02`,Mitsubishi Lancer Evolution VII    GT-A '02,0012/0042
462,`lancer_evo7_rs_01`,Mitsubishi Lancer Evolution VII    RS '01,0012/0024
464,`lexus_is_us_98`,Lexus IS 200 '98,0074/0001
466,`lexus_is300_sc_us_01`,Lexus IS 300 Sport Cross '01,0074/0003
468,`lexus_sc430_eu_01`,Lexus SC 430 (EU) '01,0074/0004
469,`lexus_sc430_us_01`,Lexus SC 430 (US) '01,0074/0005
470,`loctite_gtr_00`,Nissan LOCTITE ZEXEL GT-R '00,0003/0111
471,`lupo_gti_01`,Volkswagen Lupo GTI '01,0037/0014
472,`mazda6_tmv_01`,Mazda6 Concept '01,0001/0054
473,`mazda6_tmv_n1_01`,Mazda6 Touring Car,0001/0056
475,`mini_cooper_02`,MINI COOPER '02,0050/0003
476,`mini_one_02`,MINI ONE '02,0050/0002
480,`mugen_s2000_00`,MUGEN S2000 '00,0069/0001
481,`nismo_gtr_lm_95`,NISMO GT-R LM Road Going Version '95,0061/0006
482,`nismo270r_94`,NISMO 270R '94,0061/0005
483,`nsx_r_proto_lm_road_01`,Honda NSX-R Prototype LM Road Car,0005/0061
484,`opel_speedster_00`,Opel Speedster '00,0039/0006
485,`penzoil_gtr_99`,Nissan PENNZOIL Nismo GT-R '99,0003/0110
487,`primera_20v_eu_01`,Nissan PRIMERA 20V (EU) '01,0003/0085
488,`pt_cruiser_00`,Chrysler PT Cruiser '00,0041/0004
489,`r33_gtr_v_97`,Nissan SKYLINE GT-R V·spec (R33) '97,0003/0155
490,`r34_gtr_m_01`,Nissan SKYLINE GT-R M·spec (R34) '01,0003/0053
491,`r34_gtr_rtune_99`,NISMO Skyline GT-R R-tune (R34) '99,0061/0004
492,`r34_gtr_v_99`,Nissan SKYLINE GT-R V·spec (R34) '99,0003/0046
493,`r34_gtr_v_gtcolor_pc_01`,Nissan GRAN TURISMO SKYLINE GT-R (PaceCar) '01,0003/0088
494,`r34_gtr_v2_00`,Nissan SKYLINE GT-R V·spec II (R34) '00,0003/0051
495,`gtr_concept_tmv_01`,Nissan GT-R Concept (Tokyo Motor Show 2001) '01,0003/0089
496,`r390_road_98`,Nissan R390 GT1 Road Car '98,0003/0114
498,`roadster_j_lim_91`,Mazda Eunos Roadster J-Limited (NA) '91,0001/0108
499,`roadster_j_lim2_93`,Mazda Eunos Roadster J-Limited II (NA) '93,0001/0032
500,`roadster_sr_lim_97`,Mazda Eunos Roadster SR-Limited (NA) '97,0001/0035
503,`rs4_01`,Audi RS 4 '01,0057/0007
504,`rs6_avant_02`,Audi RS 6 Avant '02,0057/0008
505,`rsc_tmv_01`,Toyota RSC '01,0004/0066
507,`rx7_lm_race_00`,Mazda RX-7 LM Race Car,0001/0075
508,`rx7_r_br_01`,Mazda RX-7 Type R Bathurst R (FD) '01,0001/0023
509,`rx7_rs_98`,Mazda RX-7 Type RS (FD) '98,0001/0025
510,`rx7_rz_00`,Mazda RX-7 Type RZ (FD) '00,0001/0024
511,`rx8_concept_01`,Mazda RX-8 Concept (Type-I) '01,0001/0038
512,`s15_specr_aero_99`,Nissan SILVIA spec-R AERO (S15) '99,0003/0056
513,`s2000_01`,Honda S2000 '01,0005/0053
514,`s2000_99`,Honda S2000 '99,0005/0047
515,`s2000_a_99`,Honda S2000 (US) '99,0005/0048
516,`s2000_e_99`,HONDA S2000 (EU) '99,0005/0049
517,`s2000_eu_01`,Honda S2000 (EU) '01,0005/0057
518,`s2000_lm_race_00`,Honda S2000 LM Race Car,0005/0046
519,`s2000_typev_00`,Honda S2000 Type V '00,0005/0050
520,`s2000_typev_01`,Honda S2000 Type V '01,0005/0056
521,`s2000_typev_eu_00`,HONDA S2000 Type V (EU) '00,0005/0052
522,`s2000_typev_eu_01`,HONDA S2000 Type V (EU) '01,0005/0055
523,`s2000_typev_us_01`,Honda S2000 Type V (US) '01,0005/0054
524,`s2000_us_01`,Honda S2000 (US) '01,0005/0058
526,`silvia_varietta_00`,Nissan SILVIA Varietta (S15) '00,0003/0058
527,`skyline_300gt_01`,Nissan SKYLINE Sedan 300GT '01,0003/0086
530,`solstice_dmv_02`,Pontiac Solstice Coupe Concept '02,0021/0004
531,`spoon_s2000_00`,Spoon S2000 '00,0072/0004
532,`storm_v12_race_99`,Lister Storm V12 Race Car '99,0066/0001
534,`supra_szr_97`,Toyota SUPRA SZ-R '97,0004/0055
535,`toms_chaser_00`,Tom's X540 CHASER '00,0073/0001
537,`vauxhall_astra_race_00`,Vauxhall Astra Super Touring Car '00,0058/0001
538,`vauxhall_calibra_race_94`,Vauxhall Calibra Super Touring Car '94,0058/0002
539,`vauxhall_corsa_comf_14_3dr_01`,Vauxhall Corsa Comfort 1.4 '01,0058/0003
540,`vauxhall_vx220_00`,Vauxhall VX220 '00,0058/0005
542,`xanavi_gtr_01`,Nissan XANAVI HIROTO GT-R '01,0003/0113
543,`xj220_gt_road_92`,Jaguar XJ220 '92,0008/0004
544,`xkr_coupe_99`,Jaguar XKR Coupe '99,0008/0005
545,`xsara_wrc_99`,Citroën Xsara Rally Car '99,0042/0006
546,`z32_r_2by2_tt_98`,Nissan Fairlady Z 300ZX Version R TwinTurbo 2by2 (Z32) '98,0003/0097
547,`z32_s_2seat_tt_98`,Nissan Fairlady Z 300ZX Version S TwinTurbo 2seater (Z32) '98,0003/0096
548,`zonda_c12_00`,Pagani Zonda C12 '00,0080/0003
549,`zonda_c12s_00`,Pagani Zonda C12S '00,0080/0004
550,`zz2_00`,Tommykaira ZZII '00,0045/0002
551,`zzs_00`,Tommykaira ZZ-S '00,0045/0001
552,`accent_wrc_01`,Hyundai Accent Rally Car '01,0083/0005
554,`hcd6_concept_01`,Hyundai HCD-6 '01,0083/0006
555,`tiburon_gt_v6_01`,Hyundai Tiburon GT '01,0083/0003
556,`tuscani_27_01`,Hyundai Tuscani '01,0083/0004
557,`_300zx_2by2_us_98`,Nissan 300ZX 2by2 (Z32) '98,0003/0098
558,`mx5_18i_eu_00`,"Mazda MX-5 1800 RS (NB, J) '00",0001/0062
559,`mx5_eu_98`,"Mazda MX-5 1.8 RS (NB, J) '98",0001/0060
560,`sl500_02`,Mercedes-Benz SL 500 (R230) '02,0053/0009
561,`tank_car_03`,Jay Leno Tank Car '03,0171/0001
563,`m3_gtr_str_03`,BMW M3 GTR '03,0007/0012
564,`buick_gnx_87`,Buick GNX '87,0094/0001
565,`c12_03`,Callaway C12 '03,0101/0001
566,`silverado_sst_02`,Chevrolet Silverado SST '02,0022/0017
567,`camaro_ss_69`,Chevrolet Camaro SS '69,0022/0014
568,`xsara_vtr_03`,Citroën Xsara VTR '03,0042/0004
570,`viper_srt10_03`,SRT Viper SRT10 '03,0051/0005
571,`eagle_talon_esi_97`,Eagle Talon Esi '97,0091/0001
572,`carlton_90`,Lotus Carlton '90,0009/0007
573,`elan_s1_62`,Lotus Elan S1 '62,0009/0008
574,`e55_amg_02`,Mercedes-Benz E 55 AMG '02,0053/0012
575,`_190e_evo2_91`,Mercedes-Benz 190 E 2.5 - 16 Evolution II '91,0053/0015
576,`cougar_xr7_67`,Mercury Cougar XR-7 '67,0063/0001
577,`tf160_03`,MG TF160 '03,0067/0001
578,`_205_t16_rally_85`,Peugeot 205 Turbo 16 Rally Car '85,0025/0007
579,`_205_t16_85`,Peugeot 205 Turbo 16 '85,0025/0006
580,`pontiac_gto_57_coupe_04`,Pontiac GTO 5.7 Coupe '04,0021/0005
581,`btr_86`,RUF BTR '86,0070/0001
582,`spitfire_1500_74`,Triumph Spitfire 1500 '74,0048/0001
583,`tamora_02`,TVR Tamora '02,0015/0007
584,`soarer_25gtt_97`,Toyota SOARER 2.5GT-T '97,0004/0057
585,`voltz_s_2wd_02`,Toyota VOLTZ S '02,0004/0050
586,`runx_z_aero_tourer_02`,Toyota COROLLA RUNX Z AEROTOURER '02,0004/0053
587,`wedssport_celica_03`,Toyota WEDSSPORT CELICA '03,0004/0045
589,`pajero_evo_sp_03`,Mitsubishi PAJERO    Evolution Rally Raid Car '03,0012/0054
590,`_166_25v6_24v_s_98`,Alfa Romeo 166 2.5 V6 24V Sportronic '98,0010/0011
591,`c3_16_02`,Citroën C3 1.6 '02,0042/0002
592,`copen_detachabletop_02`,Daihatsu Copen Detachable Top '02,0011/0016
593,`civic_1500_25i_3d_83`,Honda CIVIC 1500 3door 25i '83,0005/0043
594,`life_step_van_72`,Honda LIFE STEP VAN '72,0005/0063
595,`element_03`,Honda ELEMENT '03,0005/0062
596,`beat_f_92`,Honda BEAT Version F '92,0005/0069
597,`beat_z_93`,Honda BEAT Version Z '93,0005/0070
598,`e_type_coupe_61`,Jaguar E-TYPE Coupe '61,0008/0006
599,`rx8_typee_03`,Mazda RX-8 Type E '03,0001/0028
601,`ctr_87`,"RUF CTR ""Yellow Bird"" '87",0070/0005
602,`lapin_turbo_4wd_02`,Suzuki ALTO LAPIN Turbo '02,0006/0009
603,`caldina_gt_four_02`,Toyota CALDINA GT-FOUR '02,0004/0054
605,`lupo_14_02`,Volkswagen Lupo1.4 '02,0037/0013
606,`s60_t5_sport_03`,Volvo S60 T-5 Sport '03,0055/0001
607,`_200sx_180_eu_96`,Nissan 200SX '96,0003/0104
608,`_240sx_180_us_96`,Nissan 240SX '96,0003/0103
609,`_206_wrc_exxon_99`,Peugeot 206 Rally Car '99,0025/0012
615,`lutecia_sport_v6_01`,Renault Sport Lutecia V6 24V '01,0044/0013
616,`lutecia_sport_race_00`,Renault Sport Lutecia R.S. Trophy V6 24V '00,0044/0011
617,`lutecia_renaultsport_20_02`,Renault Sport Lutecia R.S. 2.0 16V '02,0044/0010
619,`protege_sport20_02`,Mazda Protegé '02,0001/0036
620,`acura_hsc_04`,Acura HSC '04,0040/0013
623,`mazda_323f_r_93`,Mazda 323F '93,0001/0084
624,`cuore_tr_xx_avar_97`,Daihatsu Cuore TR-XX Avanzato R (J) '97,0011/0008
628,`vauxhall_vectra_32v6_jp_03`,Vauxhall Vectra 3.2 V6 '03,0058/0007
629,`vauxhall_tigra_16i_99`,Vauxhall Tigra 1.6i '99,0058/0004
630,`miata_us_89`,Mazda MX-5 Miata (NA) '89,0001/0039
631,`miata_j_lim_91`,"Mazda MX-5 Miata J-Limited (NA, J) '91",0001/0043
632,`mx5_j_lim_91`,"Mazda MX-5 J-Limited (NA, J) '91",0001/0042
635,`miata_j_lim2_93`,"Mazda MX-5 Miata J-Limited II (NA, J) '93",0001/0045
636,`mx5_j_lim2_93`,"Mazda MX-5 J-Limited II (NA, J) '93",0001/0044
639,`miata_sr_lim_97`,"Mazda MX-5 Miata SR-Limited (NA, J) '97",0001/0051
640,`mx5_sr_lim_97`,"Mazda MX-5 SR-Limited (NA, J) '97",0001/0050
641,`miata_18rs_98`,"Mazda MX-5 Miata 1.8 RS (NB, J) '98",0001/0061
642,`miata_rs_00`,"Mazda MX-5 Miata 1800 RS (NB, J) '00",0001/0063
643,`_200sx_silvia_eu_96`,Nissan 200SX (S14) '96,0003/0030
644,`_240sx_silvia_us_96`,Nissan 240SX (S14) '96,0003/0108
645,`s2000_typev_us_00`,Honda S2000 Type V (US) '00,0005/0051
648,`sirion_x4_98`,Daihatsu SIRION X4 (J) '00,0011/0015
650,`_110s_68`,Mazda 110S (L10B) '68,0001/0059
651,`giulia_sprint_s_63`,Alfa Romeo Giulia Sprint Speciale '63,0010/0010
652,`quattro_82`,Audi quattro '82,0057/0011
653,`m3_04`,BMW M3 '04,0007/0010
654,`m_coupe_98`,BMW M Coupé '98,0007/0008
655,`z4_30i_03`,BMW Z4 '03,0007/0021
657,`charger_440_rt_70`,Dodge Charger 440 R/T '70,0051/0007
658,`mustang_gt_05`,Ford Mustang GT '05,0002/0011
660,`gathers_civic_98`,Honda Gathers Drider CIVIC '98,0005/0041
661,`s800_rsc_68`,Honda S800 RSC '68,0005/0068
662,`interceptor_mk3_74`,Jensen Interceptor MkIII '74,0031/0001
663,`mini_marcos_gt_70`,Mini Marcos GT '70,0047/0001
664,`mgf_vvc_97`,MGF '97,0067/0002
665,`roadrunner_superbird_70`,Plymouth Superbird '70,0026/0002
666,`megane_20_16v_02`,Renault Mégane 2.0 16V '03,0044/0008
668,`atenza_sport_23z_03`,Mazda Atenza Sports 23Z '03,0001/0019
669,`acura_cl_types_03`,Acura CL 3.2 Type-S '03,0040/0009
670,`acura_rsx_s_04`,Acura RSX Type-S '04,0040/0012
671,`spider_duetto_66`,Alfa Romeo Spider 1600 Duetto '66,0010/0008
672,`a310_1600ve_73`,Alpine A310 1600VE '73,0023/0002
674,`_330i_05`,BMW 330i '05,0007/0013
676,`camaro_irocz_88`,Chevrolet Camaro IROC-Z Concept '88,0022/0015
678,`move_custom_rs_lim_4wd_02`,Daihatsu MOVE Custom RS Limited '02,0011/0007
679,`charger_superbee_426_hemi_71`,Dodge Charger Super Bee 426 Hemi '71,0051/0006
680,`rs200_84`,Ford RS200 '84,0086/0003
681,`rs200_rally_85`,Ford RS200 Rally Car '85,0086/0004
682,`civic_1500_cx_3d_79`,Honda CIVIC 1500 3door CX '79,0005/0089
683,`mugen_motul_civic_87`,Honda MUGEN MOTUL CIVIC Si '87,0005/0042
684,`civic_sir2_91`,Honda CIVIC SiR-II (EG) '91,0005/0002
685,`civic_sir2_92`,Honda CIVIC SiR-II (EG) '92,0005/0071
686,`civic_sir2_95`,Honda CIVIC SiR-II (EG) '95,0005/0032
687,`delsol_sir_92`,Honda CR-X del Sol SiR '92,0005/0003
688,`integra_r_95`,Honda INTEGRA TYPE R (DC2) '95,0005/0065
689,`integra_r_99`,Honda INTEGRA TYPE R (DC2) '99,0005/0081
690,`s2000_typev_03`,Honda S2000 Type V '03,0005/0086
691,`s500_63`,Honda S500 '63,0005/0066
692,`s600_64`,Honda S600 '64,0005/0067
693,`bellett_1600_gtr_69`,Isuzu Bellett 1600 GT-R '69,0018/0003
694,`az1_92`,Mazda Autozam AZ-1 '92,0001/0103
695,`roadster_sspl1_95`,Mazda Eunos Roadster S-Special Type I (NA) '95,0001/0030
696,`rx8_03`,Mazda RX-8 '03,0001/0029
697,`rx7_gt_lim_85`,Mazda SAVANNA RX-7 GT-Limited (FC) '85,0001/0026
698,`galant_vr4_89`,Mitsubishi GALANT    2.0 DOHC Turbo VR-4 '89,0012/0055
699,`galant_gto_mr_70`,Mitsubishi GALANT    GTO MR '70,0012/0044
700,`lancer_ex_1800gsr_ic_turbo_83`,Mitsubishi Lancer    EX 1800GSR IC Turbo '83,0012/0043
702,`lancer_evo8_rs_03`,Mitsubishi Lancer Evolution VIII    RS '03,0012/0045
703,`minica_dungun_zz_89`,Mitsubishi MINICA    DANGAN ZZ '89,0012/0023
704,`mirage_1400glx_78`,Mitsubishi MIRAGE    1400GLX '78,0012/0039
705,`pajero_parisdakar_rally_85`,Mitsubishi PAJERO    Rally Raid Car '85,0012/0038
706,`fairlady_2000_68`,Nissan Fairlady 2000 (SR311) '68,0003/0055
707,`fairlady_z_280zl_2s_78`,Nissan Fairlady Z 280Z-L 2seater (S130) '78,0003/0059
708,`fairlady_z_300zx_83`,Nissan Fairlady Z 300ZX (Z31) '83,0003/0093
709,`z32_300zx_2seat_tt_89`,Nissan Fairlady Z 300ZX TwinTurbo 2seater (Z32) '89,0003/0153
710,`motul_pitwork_z_04`,Nissan MOTUL PITWORK Z '04,0003/0100
711,`pao_89`,Nissan PAO '89,0003/0066
712,`silvia_65`,Nissan SILVIA (CSP311) '65,0003/0065
713,`silvia_240rs_83`,Nissan SILVIA 240RS (S110) '83,0003/0064
714,`skyline_1500dx_63`,Nissan SKYLINE 1500Deluxe (S50D-1) '63,0003/0061
715,`skyline_350gt8_02`,Nissan SKYLINE Sedan 350GT-8 '02,0003/0087
716,`r34_skyline_gtr_99`,Nissan SKYLINE GT-R (R34) '99,0003/0045
717,`r34_skyline_gtr_00`,Nissan SKYLINE GT-R (R34) '00,0003/0050
719,`r34_skyline_gtr_sc_mp2_99`,Nissan SKYLINE GT-R Special Color Midnight Purple II (R34) '99,0003/0048
720,`r34_skyline_gtr_sc_mp3_00`,Nissan SKYLINE GT-R Special Color Midnight Purple III (R34) '00,0003/0049
721,`r33_skyline_gtr_v_95`,Nissan SKYLINE GT-R V·spec (R33) '95,0003/0070
722,`r33_skyline_gtr_v_96`,Nissan SKYLINE GT-R V·spec (R33) '96,0003/0073
723,`r34_skyline_v2_n1_00`,Nissan SKYLINE GT-R V·spec II N1 (R34) '00,0003/0052
724,`r34_skyline_gtr_v_n1_99`,Nissan SKYLINE GT-R V·spec N1 (R34) '99,0003/0047
725,`skyline_sport_coupe_60`,Nissan SKYLINE Sport Coupe (BLRA-3) '62,0003/0060
726,`stagea_25t_rs_fours_98`,Nissan STAGEA 25t RS FOUR S '98,0003/0090
727,`stagea_260rs_autech_98`,Nissan STAGEA 260RS AutechVersion '98,0003/0091
729,`avantime_30_v6_bvm6_02`,Renault Avantime '02,0044/0004
731,`gt350_r_65`,Shelby GT350R '65,0071/0002
732,`series1_sc_03`,Shelby Series One Super Charged '03,0071/0003
733,`impreza_wrx_sti2_95`,Subaru IMPREZA Sedan WRX STi Version II '95,0020/0024
734,`impreza_wrx_sti3_96`,Subaru IMPREZA Sedan WRX STi Version III '96,0020/0025
735,`impreza_wrx_sti4_97`,Subaru IMPREZA Sedan WRX STi Version IV '97,0020/0026
736,`impreza_wrx_sti5_98`,Subaru IMPREZA Sedan WRX STi Version V '98,0020/0027
737,`wagon_r_rr_98`,Suzuki WAGON R RR '98,0006/0010
738,`minolta_toyota_88cv_89`,Toyota MINOLTA Toyota 88C-V '89,0004/0046
739,`starlet_granza_v_97`,Toyota STARLET Glanza V '97,0004/0048
740,`toyota7_70`,Toyota 7 '70,0004/0047
741,`vitz_f_99`,Toyota Vitz F '99,0004/0074
742,`_240_glt_estate_88`,Volvo 240 GLT Estate '88,0055/0002
744,`gt_one_race_exxon_99`,Toyota GT-One (TS020) '99,0004/0063
747,`yaris_euro_00`,Toyota Yaris U Euro Sport Edition (J) '00,0004/0068
748,`yaris_f_99`,Toyota Yaris F (J) '99,0004/0075
749,`acura_dnx_02`,Acura DN-X '02,0040/0008
750,`acura_integra_typer_01`,Acura INTEGRA TYPE R '01,0040/0002
752,`prowler_02`,Chrysler Prowler '02,0041/0001
754,`xantia_30i_v6_exclusive_00`,Citroën Xantia 3.0i V6 Exclusive '00,0042/0003
755,`move_cx_2wd_95`,Daihatsu MOVE CX '95,0011/0006
756,`viper_gts_99`,SRT Viper GTS '99,0051/0002
757,`escort_wrc_98`,Ford Escort Rally Car '98,0086/0002
758,`crx_sir_90`,Honda CR-X SiR '90,0005/0008
759,`dualnote_tmv_01`,Honda DUALNOTE '01,0005/0034
760,`xj220_gt_race_92`,Jaguar XJ220 LM Race Car,0008/0003
761,`delta_hf_integrale_wrc_92`,Lancia DELTA HF Integrale Rally Car '92,0043/0002
762,`elise_190_98`,Lotus Elise Sport 190 '98,0009/0003
764,`motersport_elise_99`,Lotus Motor Sport Elise '99,0009/0005
765,`legnum_vr4_v_98`,Mitsubishi LEGNUM    VR-4 Type V '98,0012/0016
766,`nismo400r_96`,NISMO 400R '96,0061/0002
767,`bluebird_ht_1800sss_79`,Nissan BLUEBIRD Hardtop 1800SSS (910) '79,0003/0092
768,`bluebird_1600sss_rally_69`,Nissan BLUEBIRD Rally Car (510) '69,0003/0013
769,`exa_canopy_las_88`,Nissan EXA CANOPY L.A.Version Type S '88,0003/0042
770,`r34_gtr_v_gtcolor_01`,Nissan GRAN TURISMO SKYLINE GT-R '01,0003/0029
771,`march_12c_5d_03`,Nissan March 12c 5door '03,0003/0025
772,`micra_12c_5d_03`,Nissan MICRA '03,0003/0033
773,`r32_gtr_v2_94`,Nissan SKYLINE GT-R V·spec II (R32) '94,0003/0156
774,`_106_s16_03`,Peugeot 106 S16 '03,0025/0005
775,`_406_coupe_30_98`,Peugeot 406 Coupé 3.0 V6 '98,0025/0004
777,`ctr2_96`,RUF CTR2 '96,0070/0002
778,`impreza_wg_sti_00`,Subaru IMPREZA Sport Wagon STi (Type-I) '00,0020/0021
779,`cappuccino_91`,Suzuki Cappuccino (EA11R) '91,0006/0022
780,`celica_gt_four_98`,Toyota CELICA GT-FOUR (ST205) '98,0004/0003
781,`celica_wrc_95`,Toyota CELICA GT-FOUR Rally Car (ST205) '95,0004/0084
782,`corolla_wrc_98`,Toyota COROLLA Rally Car '98,0004/0036
783,`mr2_glimited_97`,Toyota MR2 G-Limited '97,0004/0069
784,`supra_25gt_ttr_90`,Toyota SUPRA 2.5GT Twin Turbo R '90,0004/0002
785,`griffith_500_94`,TVR Griffith 500 '94,0015/0003
786,`karmann_ghia_type1_1500_68`,Volkswagen Karmann Ghia Coupe (Type-1) '68,0037/0002
788,`polo_gti_5d_01`,Volkswagen Polo GTI '01,0037/0010
789,`roadster_vr_lim_95`,Mazda Eunos Roadster VR-Limited (NA) '95,0001/0034
790,`roadster_vspl2_93`,Mazda Eunos Roadster V-Special Type II (NA) '93,0001/0033
791,`miata_vr_lim_95`,"Mazda MX-5 Miata VR-Limited (NA, J) '95",0001/0049
792,`miata_vspl2_93`,"Mazda MX-5 Miata V-Special Type II (NA, J) '93",0001/0047
793,`mx5_vr_lim_95`,"Mazda MX-5 VR-Limited (NA, J) '95",0001/0048
794,`mx5_vspl2_93`,"Mazda MX-5 V-Special Type II (NA, J) '93",0001/0046
795,`a160_98`,Mercedes-Benz A 160 Avantgarde '98,0053/0010
796,`slk230_komp_98`,Mercedes-Benz SLK 230 Kompressor '98,0053/0011
797,`impreza_wrx_sti6_99`,Subaru IMPREZA Sedan WRX STi Version VI '99,0020/0005
798,`vanquish_04`,Aston Martin Vanquish '04,0062/0004
799,`lancer_evo8_mr_gsr_04`,Mitsubishi Lancer Evolution VIII MR    GSR '04,0012/0046
800,`ginetta_g4_64`,Ginetta G4 '64,0046/0001
801,`s2000_us_04`,Honda S2000 (US) '04,0005/0085
802,`megane_20_ide_00`,Renault Mégane 2.0 IDE Coupé '00,0044/0007
803,`mini_cooper_13i_98`,Mini Cooper 1.3i '98,0038/0001
804,`corvette_z06_race_63`,Chevrolet Corvette Z06 (C2) Race Car '63,0022/0012
805,`_156_25v6_98`,Alfa Romeo 156 2.5 V6 24V '98,0010/0006
806,`v8_vantage_99`,Aston Martin V8 Vantage '99,0062/0002
807,`s4_98`,Audi S4 '98,0057/0010
808,`escudo_pikespeak_98`,Suzuki V6 ESCUDO Pikes Peak Special '98,0006/0005
809,`carina_ed_20x_4ws_89`,Toyota CARINA ED 2.0 X 4WS '89,0004/0011
810,`trueno_gt_apex_83`,Toyota SPRINTER TRUENO GT-APEX (AE86) '83,0004/0005
811,`celica_gtr_4ws_91`,"Toyota CELICA GT-R (ST183, 4WS) '91",0004/0049
812,`m3_csl_03`,BMW M3 CSL '03,0007/0011
813,`_307_xsi_04`,Peugeot 307 XSi '04,0025/0008
814,`v8s_91`,TVR V8S '91,0015/0004
815,`sl500_98`,Mercedes-Benz SL 500 (R129) '98,0053/0016
816,`atenza_sd_mps_05`,Mazdaspeed Atenza '05,0001/0052
817,`buick_special_62`,Buick Special,0094/0002
819,`move_srxx_4wd_97`,Daihatsu MOVE SR-XX 4WD '97,0011/0010
820,`hks_d1_silvia_04`,HKS GENKI HYPER SILVIA RS2 '04,0065/0001
821,`civic_r_97`,Honda CIVIC TYPE R (EK) '97,0005/0102
822,`civic_r_04`,Honda CIVIC TYPE R (EP) '04,0005/0084
823,`nsx_90`,Honda NSX '90,0005/0073
824,`nsx_01`,Honda NSX '01,0005/0087
825,`nsx_s_97`,Honda NSX Type S '97,0005/0078
826,`nsx_s_01`,Honda NSX Type S '01,0005/0088
827,`nsx_s_zero_99`,Honda NSX Type S Zero '99,0005/0080
828,`prelude_s_98`,Honda PRELUDE Type S '98,0005/0045
829,`delta_hf_integrale_evo_91`,Lancia DELTA HF Integrale Evoluzione '91,0043/0006
830,`elise_111r_04`,Lotus Elise 111R '04,0009/0019
831,`esprit_v8_gt_98`,Lotus Esprit V8 GT '98,0009/0013
832,`cosmo_sport_67`,Mazda Cosmo Sport (L10A) '67,0001/0037
833,`sl600_04`,Mercedes-Benz SL 600 (R230) '04,0053/0013
834,`sl65_amg_04`,Mercedes-Benz SL 65 AMG (R230) '04,0053/0014
835,`s14_silvia_ks_aero_93`,Nissan SILVIA K's AERO (S14) '93,0003/0106
836,`kpgc110_skyline_gtr_73`,Nissan SKYLINE 2000GT-R (KPGC110) '73,0003/0109
837,`kpgc10_skyline_gtr_70`,Nissan SKYLINE Hard Top 2000GT-R (KPGC10) '70,0003/0068
838,`_106_rally_03`,Peugeot 106 Rallye '03,0025/0009
839,`spoon_integra_r_99`,Spoon INTEGRA TYPE R (DC2) '99,0072/0005
840,`mr_wagon_sport_04`,Suzuki MR Wagon Sport '04,0006/0006
841,`celica_2000gt_four_86`,Toyota CELICA 2000GT-FOUR (ST165) '86,0004/0064
842,`mr2_1600_g_86`,Toyota MR2 1600 G '86,0004/0058
843,`supra_30gt_turbo_a_88`,Toyota SUPRA 3.0GT Turbo A '88,0004/0077
844,`integra_r_03`,Honda INTEGRA TYPE R (DC5) '03,0005/0036
851,`_110s_67`,Mazda 110S (L10A) '67,0001/0058
853,`vertigo_race_04`,Gillet Vertigo Race Car '04,0079/0001
854,`s4_03`,Audi S4 '03,0057/0009
855,`infiniti_g35_coupe_03`,Infiniti G35 COUPE '03,0085/0002
856,`bora_v6_4m_01`,Volkswagen Bora V6 4MOTION '01,0037/0009
857,`fairlady_z_s_02`,Nissan Fairlady Z Version S (Z33) '02,0003/0043
858,`mazda6_sport_23z_03`,Mazda6 5-door '03,0001/0055
859,`r34_skyline_gtr_m_nur_02`,Nissan SKYLINE GT-R M·spec Nür (R34) '02,0003/0054
860,`acura_cl_types_01`,Acura CL 3.2 Type-S '01,0040/0001
861,`miata_sspl1_95`,"Mazda MX-5 Miata S-Special Type I (NA, J) '95",0001/0041
862,`mx5_sspl1_95`,"Mazda MX-5 S-Special Type I (NA, J) '95",0001/0040
863,`blitz_r34_d1_04`,BLITZ ER34 D1 SPEC '04,0182/0001
864,`_300zx_2seat_us_89`,Nissan 300ZX 2seater (Z32) '89,0003/0095
865,`m5_05`,BMW M5 '05,0007/0014
866,`prelude_sir_s_98`,Honda PRELUDE SiR S spec '98,0005/0044
868,`fairlady_z_aero_02`,NISMO Fairlady Z S-tune concept by GRANTURISMO (Z33) '02,0061/0007
869,`hommell_rs_berlinetta_99`,Hommell Berlinette R/S Coupe '99,0133/0001
873,`infiniti_g20_20te_90`,Infiniti G20 '90,0085/0004
875,`_500_l_69`,Fiat 500 L '69,0024/0006
876,`_500_r_72`,Fiat 500 R '72,0024/0007
877,`a4_dtm_04`,Audi A4 Touring Car '04,0057/0012
879,`amemiya_aspara_rx7_04`,RE Amemiya ASPARADRINK RX7 '04,0013/0001
880,`elise_111s_03`,Lotus Elise 111S '03,0009/0011
881,`fairlady_z_st_02`,Nissan Fairlady Z Version ST (Z33 Option Wheel) '02,0003/0063
882,`fto_gpr_99`,Mitsubishi FTO    GP Version R '99,0012/0034
883,`fto_gpx_94`,Mitsubishi FTO    GPX '94,0012/0030
884,`fto_gpx_97`,Mitsubishi FTO    GPX '97,0012/0032
885,`fto_gpx_99`,Mitsubishi FTO    GPX '99,0012/0035
886,`fto_gr_94`,Mitsubishi FTO    GR '94,0012/0031
887,`fto_gr_97`,Mitsubishi FTO    GR '97,0012/0033
888,`gto_sr_95`,Mitsubishi GTO    SR '95,0012/0047
889,`gto_sr_96`,Mitsubishi GTO    SR '96,0012/0048
890,`gto_sr_98`,Mitsubishi GTO    SR '98,0012/0051
891,`gto_tt_96`,Mitsubishi GTO    Twin Turbo '96,0012/0049
892,`gto_tt_mr_95`,Mitsubishi GTO    Twin Turbo MR '95,0012/0050
893,`gto_tt_mr_98`,Mitsubishi GTO    Twin Turbo MR '98,0012/0053
894,`lancer_1600gsr_rally_74`,Mitsubishi Lancer    1600 GSR Rally Car '74,0012/0029
895,`lemans_quattro_03`,Audi Le Mans quattro '03,0057/0013
896,`monaro_cv8_04`,Holden Monaro CV8 '04,0158/0001
897,`move_srxx_2wd_97`,Daihatsu MOVE SR-XX 2WD '97,0011/0009
898,`mrs_vedition_02`,Toyota MR-S V Edition (6MT) '02,0004/0052
899,`nsx_93`,Honda NSX '93,0005/0074
900,`nsx_95`,Honda NSX '95,0005/0075
901,`nsx_97`,Honda NSX '97,0005/0076
902,`nsx_99`,Honda NSX '99,0005/0077
903,`nsx_s_99`,Honda NSX Type S '99,0005/0079
904,`opel_speedster_turbo_00`,Opel Speedster Turbo '00,0039/0007
905,`opera_s2000_04`,Opera Performance S2000 '04,0186/0001
906,`r32_skyline_gtr_89`,Nissan SKYLINE GT-R (R32) '89,0003/0077
907,`r32_skyline_gtr_91`,Nissan SKYLINE GT-R (R32) '91,0003/0078
908,`r32_skyline_gtr_n1_91`,Nissan SKYLINE GT-R N1 (R32) '91,0003/0079
909,`r32_skyline_gtr_v_93`,Nissan SKYLINE GT-R V·spec (R32) '93,0003/0080
910,`r32_skyline_gtr_v_n1_93`,Nissan SKYLINE GT-R V·spec N1 (R32) '93,0003/0081
911,`r32_skyline_gts25_s_91`,Nissan SKYLINE GTS25 Type S (R32) '91,0003/0084
912,`r32_skyline_gtst_m_89`,Nissan SKYLINE GTS-t Type M (R32) '89,0003/0083
913,`r33_skyline_gtr_95`,Nissan SKYLINE GT-R (R33) '95,0003/0069
914,`r33_skyline_gtr_96`,Nissan SKYLINE GT-R (R33) '96,0003/0072
915,`r33_skyline_gtr_97`,Nissan SKYLINE GT-R (R33) '97,0003/0075
916,`r33_skyline_gtr_n1_95`,Nissan SKYLINE GT-R N1 (R33) '95,0003/0071
917,`r33_skyline_gtr_v_lm_96`,Nissan SKYLINE GT-R V·spec LM Limited (R33) '96,0003/0074
918,`rx7_rs_00`,Mazda RX-7 Type RS (FD) '00,0001/0027
919,`s13_silvia_qs_88`,Nissan SILVIA Q's (S13) '88,0003/0101
920,`s13_silvia_qs_91`,Nissan SILVIA Q's (S13) '91,0003/0102
921,`s14_silvia_qs_aero_93`,Nissan SILVIA Q's AERO (S14) '93,0003/0105
922,`s14_silvia_qs_aero_96`,Nissan SILVIA Q's AERO (S14) '96,0003/0107
923,`s15_silvia_specs_aero_99`,Nissan SILVIA spec-S AERO (S15) '99,0003/0057
924,`skyline_2000gtb_67`,Nissan SKYLINE 2000GT-B (S54B) '67,0003/0062
925,`sl600_98`,Mercedes-Benz SL 600 (R129) '98,0053/0017
926,`svt_f150_lightning_03`,Ford SVT F-150 Lightning '03,0002/0012
927,`tacoma_x_runner_04`,Toyota Tacoma X-Runner '04,0004/0062
928,`acura_nsx_32l_04`,Acura NSX '04,0040/0014
929,`storia_cx_2wd_98`,Daihatsu STORIA CX 2WD '98,0011/0012
930,`storia_cx_4wd_98`,Daihatsu STORIA CX 4WD '98,0011/0011
931,`lancer_evo3_gsr_95`,Mitsubishi Lancer Evolution III    GSR '95,0012/0037
932,`impreza_wrx_sti_c_04`,Subaru IMPREZA Sedan WRX STi spec C (Type-II) '04,0020/0029
933,`altoworks_rsz_97`,Suzuki ALTO WORKS RS-Z '97,0006/0011
934,`caterham_7_fb_02`,Caterham Seven Fireblade '02,0127/0001
935,`_2cv_typea_54`,Citroën 2CV Type A '54,0042/0005
936,`_360_58`,SUBARU 360 '58,0020/0030
937,`ac_427_sc_66`,AC Cars 427 S/C '66,0126/0014
938,`amuse_carbonr_04`,Amuse Carbon R (R34) '04,0180/0003
939,`amuse_s2000_gt1_04`,Amuse S2000 GT1 '04,0180/0002
940,`calsonic_skyline_gtr_gpa_93`,Nissan CALSONIC SKYLINE GT-R '93,0003/0082
942,`corvette_zr1_90`,Chevrolet Corvette ZR-1 (C4) '90,0022/0013
943,`db9_03`,Aston Martin DB9 Coupe '03,0062/0005
944,`exp_speed8_03`,Bentley EXP Speed 8 '03,0114/0002
947,`golf_gti_05`,Volkswagen Golf V GTI '05,0037/0018
948,`golf_gti_76`,Volkswagen Golf I GTI '76,0037/0016
949,`ibiza_cupra_r_04`,Seat Ibiza Cupra '04,0159/0001
950,`lancer_wrc_03`,Mitsubishi Lancer Evolution    Super Rally Car '03,0012/0056
951,`land_range_stormer_04`,Land Rover Range Stormer '04,0130/0001
952,`lexus_is200_gt1_race_04`,Lexus IS 200 GT-1 '04,0074/0011
953,`r8_race_01`,Audi R8 Race Car '01,0057/0015
955,`ram_1500_hemi_4cab_04`,RAM 1500 LARAMIE Hemi Quad Cab '04,0051/0009
956,`slr_mclaren_03`,Mercedes-Benz SLR McLaren '03,0053/0018
957,`ss_commodore_04`,Holden Commodore SS '04,0158/0002
958,`stream_z_04`,Nissan OPTION Stream Z '04,0003/0099
959,`tt_coupe_32_03`,Audi TT Coupe 3.2 quattro '03,0057/0027
960,`_2002_turbo_73`,BMW 2002 Turbo '73,0007/0015
961,`_206_rc_03`,Peugeot 206 RC '03,0025/0011
962,`esprit_v8_02`,Lotus Esprit V8 '02,0009/0020
963,`clio_sport_v6_2_03`,Renault Sport Clio V6 Phase 2  '03,0044/0009
964,`focus_st170_jp_03`,Ford Focus ST170 '03,0086/0007
965,`lancer_evo2_gsr_94`,Mitsubishi Lancer Evolution II    GSR '94,0012/0036
966,`vitz_rs_turbo_02`,Toyota Vitz RS Turbo '02,0004/0072
967,`rx7_r_91`,Mazda éfini RX-7 Type R (FD) '91,0001/0107
968,`rx7_r_93`,Mazda éfini RX-7 Type R (FD) '93,0001/0069
969,`rx7_r_s_95`,Mazda éfini RX-7 Type R-S (FD) '95,0001/0071
970,`rx7_rs_96`,Mazda éfini RX-7 Type RS (FD) '96,0001/0073
971,`rx7_rsr_97`,Mazda RX-7 Type RS-R (FD) '97,0001/0074
972,`rx7_rz_92`,Mazda éfini RX-7 Type RZ (FD) '92,0001/0067
973,`rx7_rz_93`,Mazda éfini RX-7 Type RZ (FD) '93,0001/0068
974,`rx7_rz_95`,Mazda éfini RX-7 Type RZ (FD) '95,0001/0070
975,`rx7_rz_96`,Mazda éfini RX-7 Type RZ (FD) '96,0001/0072
976,`lutecia_sport_v6_2_03`,Renault Sport Lutecia V6 Phase 2 '03,0044/0012
980,`opera_z_04`,Opera Performance 350Z '04,0186/0002
981,`vauxhall_vx220_turbo_00`,Vauxhall VX220 Turbo '00,0058/0006
997,`yaris_rs_turbo_02`,Toyota Yaris RS Turbo (J) '02,0004/0073
1000,`accord_coupe_us_88`,Honda ACCORD Coupe '88,0005/0010
1001,`accord_coupe_exv6_6_03`,Honda ACCORD Coupe EX '03,0005/0040
1003,`rx7_gt_lim_eu_85`,"Mazda RX-7 GT-LIMITED (FC, J) '85",0001/0065
1004,`rx7_gtx_eu_90`,"Mazda RX-7 GT-X (FC, J) '90",0001/0064
1006,`rx7_r_eu_91`,"Mazda RX-7 Type R (FD, J) '91",0001/0076
1007,`rx7_r_eu_93`,"Mazda RX-7 Type R (FD, J) '93",0001/0079
1008,`rx7_rs_eu_96`,"Mazda RX-7 Type RS (FD, J) '96",0001/0083
1009,`rx7_r_s_eu_95`,"Mazda RX-7 Type R-S (FD, J) '95",0001/0081
1010,`rx7_rz_eu_92`,"Mazda RX-7 Type RZ (FD, J) '92",0001/0077
1011,`rx7_rz_eu_93`,"Mazda RX-7 Type RZ (FD, J) '93",0001/0078
1012,`rx7_rz_eu_95`,"Mazda RX-7 Type RZ (FD, J) '95",0001/0080
1013,`rx7_rz_eu_96`,"Mazda RX-7 Type RZ (FD, J) '96",0001/0082
1014,`_3000gt_mr_95`,Mitsubishi 3000GT    MR (J) '95,0012/0061
1015,`_3000gt_mr_98`,Mitsubishi 3000GT    MR (J) '98,0012/0070
1016,`_3000gt_sl_95`,Mitsubishi 3000GT    SL (J) '95,0012/0057
1017,`_3000gt_sl_96`,Mitsubishi 3000GT    SL (J) '96,0012/0062
1018,`_3000gt_sl_98`,Mitsubishi 3000GT    SL (J) '98,0012/0066
1019,`_3000gt_sr_95`,Mitsubishi 3000GT    SR (J) '95,0012/0058
1020,`_3000gt_sr_96`,Mitsubishi 3000GT    SR (J) '96,0012/0063
1021,`_3000gt_sr_98`,Mitsubishi 3000GT    SR (J) '98,0012/0067
1022,`_3000gt_vr4_us_98`,Mitsubishi 3000GT    VR-4 (J) '98,0012/0068
1023,`_3000gt_vr4t_eu_98`,Mitsubishi 3000GT    VR-4 Turbo (J) '98,0012/0069
1024,`_3000gt_vr4t_us_95`,Mitsubishi 3000GT    VR-4 Turbo (J) '95,0012/0060
1025,`_3000gt_vr4t_us_96`,Mitsubishi 3000GT    VR-4 Turbo (J) '96,0012/0065
1026,`acura_nsx_91`,Acura NSX '91,0040/0032
1027,`dmc12_stage2_04`,DMC DeLorean S2 '04,0107/0001
1028,`sirion_cx_2wd_98`,Daihatsu SIRION CX 2WD (J) '98,0011/0013
1029,`sirion_cx_4wd_98`,Daihatsu SIRION CX 4WD (J) '98,0011/0014
1031,`gs300_us_91`,Lexus GS 300 '91,0074/0006
1032,`gs300_us_00`,Lexus GS 300 '00,0074/0007
1033,`gs300_vertex_us_00`,Lexus GS 300 Vertex Edition (J) '00,0074/0008
1035,`sc300_us_97`,Lexus SC 300 '97,0074/0009
1037,`xa_15s_2wd_03`,Scion xA '03,0187/0001
1038,`xb_15z_x_2wd_03`,Scion xB '03,0187/0002
1039,`amuse_s2000_circuit_04`,Amuse S2000 R1 '04,0180/0004
1040,`ford_gt_lm_sp2_04`,Ford GT LM Race Car Spec II,0002/0014
1041,`_350z_eu_03`,"Nissan 350Z (Z33, EU) '03",0003/0004
1042,`_350z_roadster_eu_03`,"Nissan 350Z Roadster (Z33, EU) '03",0003/0032
1044,`sports_800_65`,Toyota SPORTS 800 '65,0004/0076
1046,`formula_gran_turismo_04`,Formula Gran Turismo,0188/0001
1047,`mr2_spyder_v_us_02`,Toyota MR2 Spyder (6MT) '02,0004/0071
1048,`mr2_spyder_us_99`,Toyota MR2 Spyder '99,0004/0070
1049,`lexus_is200_rs200_98`,Lexus IS 200 (J) '98,0074/0010
1053,`_350z_gt4_05`,Nissan 350Z Gran Turismo 4 Limited Edition (Z33) '05,0003/0122
1054,`roadster_1600_nra_04`,Mazda Roadster 1600 NR-A (NB) '04,0001/0088
1055,`roadster_1800_rs_04`,Mazda Roadster 1800 RS (NB) '04,0001/0085
1057,`mazda_suv_concept_05`,Mazda MX-Crossport '05,0001/0092
1058,`miata_1800_rs_04`,"Mazda MX-5 Miata 1800 RS (NB, J) '04",0001/0087
1059,`mx5_1800_rs_04`,"Mazda MX-5 1800 RS (NB, J) '04",0001/0086
1060,`miata_1600_nra_04`,"Mazda MX-5 Miata 1600 NR-A (NB, J) '04",0001/0090
1061,`mx5_1600_nra_04`,"Mazda MX-5 1600 NR-A (NB, J) '04",0001/0089
1062,`tiburon_turbulence_99`,Hyundai Tiburon Turbulence '99,0083/0010
1063,`tascani_ccs_03`,Hyundai Tuscani CCS '03,0083/0008
1064,`click_r_04`,Hyundai Click Type-R '04,0083/0009
1066,`_905b_evo1_exxon_92`,Peugeot 905B Evo 1 Bis LM '92,0025/0014
1067,`xjr9_race_88`,Jaguar XJR-9 '88,0008/0012
1068,`chaparral_2d_race_67`,Chaparral 2D '67,0178/0001
1069,`chaparral_2j_race_70`,Chaparral 2J '70,0178/0002
1070,`hpa_golf_r32_04`,HPA Motorsports Stage II R32,0189/0001
1071,`_300c_05`,Chrysler 300C '05,0041/0009
1072,`alfa_gt_32_v6_24v_04`,Alfa Romeo GT 3.2 V6 24V '04,0010/0012
1073,`autounion_v16_typec_sl_37`,Audi Auto Union V16 Type C Streamline '37,0164/0001
1074,`nuvolari_quattro_03`,Audi Nuvolari quattro '03,0057/0016
1075,`pikespeak_quattro_03`,Audi Pikes Peak quattro '03,0057/0017
1076,`spirra_46_v8_04`,Oullim Motors Spirra Prototype '04,0179/0001
1077,`eclipse_gt_06`,Mitsubishi ECLIPSE    GT '06,0012/0071
1117,`r8_oreca_05`,Audi R8 (Audi PlayStation Team ORECA) '05,0057/0018
1118,`pescarolo_c60_05`,Pescarolo C60 Hybride - Judd '05,0169/0004
1295,`integra_r_04`,Honda INTEGRA TYPE R (DC5) '04,0005/0090
1296,`impreza_wrx_sti_c_ra_05`,Subaru IMPREZA Sedan WRX STI spec C Type RA '05,0020/0031
1297,`lancer_evo9_gsr_05`,Mitsubishi Lancer Evolution IX    GSR '05,0012/0072
1298,`_599_gtb_fiorano_06`,Ferrari 599 '06,0225/0001
1357,`infiniti_g35_coupe_06`,Infiniti G35 Coupe '06,0085/0005
1362,`xanavi_nismo_z_06`,Nissan XANAVI NISMO Z '06,0003/0125
1363,`v36_skyline_sd_350gt_sp_06`,Nissan SKYLINE Sedan 350GT Type SP '06,0003/0126
1364,`tt_coupe_32_07`,Audi TT Coupe 3.2 quattro '07,0057/0020
1365,`r8_07`,Audi R8 4.2 FSI R tronic '07,0057/0019
1368,`brera_sw_32_06`,Alfa Romeo Brera Sky Window 3.2 JTS Q4 '06,0010/0014
1369,`mustang_gt_07`,Ford Mustang V8 GT Coupe Premium '07,0002/0016
1370,`mini_cooper_s_06`,MINI COOPER S '05,0050/0004
1371,`corvette_z06_06`,Chevrolet Corvette Z06 (C6) '06,0022/0019
1372,`swift_sports_05`,Suzuki SWIFT Sport '05,0006/0013
1373,`viper_gts_02`,SRT Viper GTS '02,0051/0010
1374,`golf_gti_5dr_01`,Volkswagen Golf IV GTI '01,0037/0017
1375,`elise_96`,Lotus Elise '96,0009/0015
1376,`gtr_proto_05`,Nissan GT-R Proto '05,0003/0128
1377,`_147_ti_20_ts_06`,Alfa Romeo 147 TI 2.0 TWIN SPARK '06,0010/0013
1378,`f430_f1_06`,Ferrari F430 '06,0225/0002
1382,`skyline_coupe_concept_07`,Infiniti Coupe Concept '06,0085/0006
1383,`gtr_masked_07`,Nissan GT-R Black Mask '07,0003/0129
1384,`fairlady_z_s_07`,Nissan Fairlady Z Version S (Z33) '07,0003/0132
1385,`swift_sports_07`,Suzuki SWIFT Sport '07,0006/0014
1386,`atenza_25z_07`,Mazda Atenza Sport 25Z '07,0001/0095
1387,`ofc1_07`,Daihatsu OFC-1 '07,0011/0018
1388,`gtr_07`,Nissan GT-R '07,0003/0131
1390,`is_f_07`,Lexus IS F '07,0074/0012
1391,`_135i_07`,BMW 135i Coupé '07,0007/0016
1392,`lancer_evo10_gsr_premium_07`,Mitsubishi Lancer Evolution X    GSR Premium Package '07,0012/0076
1393,`v36_skyline_coupe_370gt_sp_07`,Nissan SKYLINE Coupe 370GT Type SP '07,0003/0130
1394,`impreza_wrx_sti_07`,Subaru IMPREZA WRX STI '07,0020/0032
1397,`art_morrison_corvette_60`,Art Morrison Corvette'60,0226/0001
1399,`m3_coupe_07`,BMW M3 Coupé '07,0007/0017
1401,`db9_06`,Aston Martin DB9 Coupe '06,0062/0006
1402,`viper_srt10_coupe_06`,SRT Viper SRT10 Coupe '06,0051/0011
1403,`focus_st_06`,Ford Focus ST '06,0086/0008
1404,`c4_coupe_20_vts_05`,Citroën C4 Coupe 2.0VTS '05,0042/0007
1405,`_307cc_premium_avn_04`,Peugeot 307 CC Premium AVN '04,0025/0015
1406,`_207_gti_07`,Peugeot 207 GTi '07,0025/0016
1407,`cervo_sr_2wd_07`,Suzuki CERVO SR '07,0006/0017
1408,`xk_coupe_06`,Jaguar XK Coupe Luxury '07,0008/0008
1409,`f40_92`,Ferrari F40 '92,0225/0003
1410,`_512bb_76`,Ferrari 512 BB '76,0225/0004
1411,`rx8_types_07`,Mazda RX-8 Type S '07,0001/0097
1425,`ford_gt_06_t`,Ford GT LM Spec II Test Car,0002/0018
1426,`ford_gt_06`,Ford GT '06,0002/0017
1427,`mines_r34_n1_base_06`,Mine's BNR34 SKYLINE GT-R N1 base '06,0068/0003
1428,`blitz_dunlop_er34_07`,BLITZ DUNLOP ER34 SKYLINE '07,0182/0002
1430,`concept_1_series_tii_07`,BMW Concept 1 Series tii '07,0007/0018
1431,`amemiya_fd3s_rx7_xx`,RE Amemiya FD3S RX-7,0013/0002
1432,`amuse_opera_granturismo_350z_rs_xx`,Amuse/Opera Performance GRAN TURISMO 350Z RS,0227/0001
1433,`amuse_s2000_gt1_turbo_xx`,Amuse S2000 GT1 Turbo,0180/0005
1434,`f2007_07`,Ferrari F2007 '07,0225/0005
1445,`f149_california_08`,Ferrari California '08,0225/0010
1446,`eagle_type122_09`,Lotus Evora '09,0009/0018
1447,`gt_by_citroen_08`,GT by Citroën Concept '08,0042/0008
1448,`s15_silvia_specr_aero_02`,Nissan SILVIA spec-R AERO (S15) '02,0003/0134
1451,`roadster_rs_07`,Mazda Roadster RS (NC) '07,0001/0098
1452,`civic_r_08`,Honda CIVIC TYPE R '08,0005/0094
1453,`z4_m_coupe_08`,BMW Z4 M Coupé '08,0007/0019
1454,`hks_ct230r_08`,HKS CT230R '08,0065/0002
1455,`corvette_z06_04`,Chevrolet Corvette Z06 (C5) '04,0022/0018
1456,`march_12sr_07`,Nissan March 12SR '07,0003/0137
1457,`s2000_06`,Honda S2000 '06,0005/0096
1458,`fairlady_z_st_08`,Nissan Fairlady Z (Z34) '08,0003/0135
1459,`impreza_wrc_08`,Subaru IMPREZA WRC 2008,0020/0033
1461,`s13_silvia_ks_dia_90`,Nissan SILVIA K's Dia Selection (S13) '90,0003/0138
1466,`xanavi_nismo_gtr_08`,Nissan XANAVI NISMO GT-R '08,0003/0136
1467,`arta_nsx_06`,Honda ARTA NSX '06,0005/0092
1468,`takata_dome_nsx_06`,Honda TAKATA DOME NSX '06,0005/0093
1469,`raybrig_nsx_06`,Honda RAYBRIG NSX '06,0005/0095
1470,`castrol_toms_supra_97`,Toyota Castrol TOM'S SUPRA '97,0004/0078
1471,`c4_wrc_08`,Citroën C4 WRC '08,0042/0009
1472,`focus_rs_wrc_08`,Ford Focus RS WRC 07 '08,0086/0009
1473,`sx4_wrc_08`,Suzuki SX4 WRC '08,0006/0018
1474,`enzo_ferrari_02`,Enzo Ferrari '02,0225/0012
1475,`gtr_specv_09`,Nissan GT-R SpecV '09,0003/0139
1480,`corvette_zr1_09`,Chevrolet Corvette ZR1 (C6) '09,0022/0021
1482,`r8_lms_09`,Audi R8 LMS '09,0057/0024
1485,`r8_lms_ps_color_09`,Audi R8 LMS (Team PlayStation) '09,0057/0025
1493,`furai_concept_08`,Mazda Furai '08,0001/0099
1503,`ft_86_concept_09`,Toyota FT-86 Concept '09,0004/0080
1504,`_458_italia_09`,Ferrari 458 Italia '09,0225/0016
1506,`gallardo_lp560_4_08`,Lamborghini Gallardo LP 560-4 '08,0228/0004
1507,`sls_amg_10`,Mercedes-Benz SLS AMG '10,0053/0023
1508,`lancer_evo6_tommi_gsr_scp_00`,Mitsubishi Lancer Evolution VI    GSR T.M. EDITION Special Color Package '99,0012/0079
1509,`arta_garaiya_08`,Autobacs ARTA Garaiya '08,0084/0003
1510,`epson_nsx_08`,Honda EPSON NSX '08,0005/0099
1511,`denso_dunlop_sard_sc430_08`,Lexus DENSO DUNLOP SARD SC430 '08,0074/0015
1512,`calsonic_impul_gtr_08`,Nissan Calsonic IMPUL GT-R '08,0003/0141
1513,`yellowhat_yms_tomica_gtr_08`,Nissan YellowHat YMS TOMICA GT-R '08,0003/0142
1514,`amemiya_aspara_rx7_06`,RE Amemiya AsparaDrink RX7 '06,0013/0003
1515,`yellowhat_yms_supra_05`,Toyota YellowHat YMS Supra '05,0004/0082
1516,`petronas_toms_sc430_08`,Lexus PETRONAS TOM'S SC430 '08,0074/0018
1517,`weds_sport_is350_08`,Lexus Weds Sport IS350 '08,0074/0016
1518,`cusco_dunlop_impreza_08`,CUSCO DUNLOP SUBARU IMPREZA '08,0020/0034
1519,`c63_amg_08`,Mercedes-Benz C 63 AMG '08,0053/0020
1520,`c30_t5_rdesign_08`,Volvo C30 R-Design '09,0055/0003
1521,`vitz_rs15_07`,Toyota Vitz RS 1.5 '07,0004/0079
1522,`megane_renaultsport_08`,Renault Sport Mégane R.S. '08,0044/0015
1523,`_500_f_68`,Fiat 500 F '68,0024/0008
1524,`viper_acr_08`,SRT Viper SRT10 ACR '08,0051/0013
1525,`m5_08`,BMW M5 '08,0007/0020
1526,`challenger_srt8_08`,SRT Challenger SRT8 '08,0051/0015
1527,`_500_12_lounge_08`,Fiat 500 1.2 8V Lounge SS '08,0024/0009
1528,`slr_mclaren_19wheel_09`,Mercedes-Benz SLR McLaren '09,0053/0021
1529,`hep_g37_08`,High End Performance G37,0232/0001
1530,`hpa_ft565_tt_07`,2007 HPA Motorsports FT565 twin turbo Audi TT,0189/0002
1534,`bandai_direzza_sc430_06`,Lexus BANDAI DIREZZA SC430 '06,0074/0017
1535,`camaro_ss_10`,Chevrolet Camaro SS '10,0022/0028
1536,`zonda_r_09`,Pagani Zonda R '09,0080/0005
1537,`prius_g_09`,Toyota PRIUS G '09,0004/0081
1538,`rs6_avant_08`,Audi RS 6 Avant '08,0057/0023
1539,`gran_turismo_s_08`,Maserati GranTurismo S '08,0231/0001
1540,`mclaren_f1_94`,McLaren F1 '94,0077/0003
1541,`tts_coupe_09`,Audi TTS Coupe '09,0057/0022
1542,`corvette_convertible_69`,Chevrolet Corvette Stingray Convertible (C3) '69,0022/0023
1543,`challenger_rt_70`,Dodge Challenger R/T '70,0051/0014
1544,`_430_scuderia_07`,Ferrari 430 Scuderia '07,0225/0011
1545,`murcielago_lp640_09`,Lamborghini Murciélago LP 640 '09,0228/0005
1546,`mini_cooper_s_07`,MINI COOPER S '07,0050/0006
1547,`i_miev_09`,Mitsubishi i-MiEV '09,0012/0080
1548,`motul_autech_gtr_08`,Nissan MOTUL AUTECH GT-R '08,0003/0143
1549,`amuse_nismo_380_super_leggera_xx`,Amuse NISMO 380RS Super Leggera,0180/0006
1550,`r10_tdi_06`,Audi R10 TDI '06,0057/0021
1551,`_330_p4_67`,Ferrari 330 P4 '67,0225/0013
1552,`sp1_08`,Ferrari SP1 '08,0225/0017
1553,`xj13_66`,Jaguar XJ13 '66,0008/0009
1554,`is_f_racing_concept_08`,Lexus IS F Racing Concept '08,0074/0014
1555,`axela_23s_at_03`,Mazda Axela 23S '03,0001/0100
1561,`_4200r_concept_89`,Isuzu 4200R '89,0018/0004
1562,`lfa_10`,Lexus LFA '10,0074/0020
1563,`megane_trophy_09`,Renault Sport Mégane Trophy '11,0044/0016
1564,`xfr_10`,Jaguar XFR '10,0008/0010
1565,`gt40_mk4_race_67`,Ford Mark IV Race Car '67,0002/0019
1566,`tesla_roadster_08`,Tesla Motors Tesla Roadster '08,0236/0001
1567,`aem_s2000_xx`,AEM S2000,0233/0001
1568,`xkr_coupe_10`,Jaguar XKR Coupe '10,0008/0011
1569,`eneos_sc430_08`,Lexus ENEOS SC430 '08,0074/0019
1570,`insight_ls_09`,Honda INSIGHT LS '09,0005/0100
1574,`woodone_advan_clarion_gtr_08`,Nissan WOODONE ADVAN Clarion GT-R '08,0003/0149
1575,`gt_by_citroen_race_xx`,GT by Citroën Race Car,0042/0012
1578,`_8c_competizione_08`,Alfa Romeo 8C Competizione '08,0010/0003
1579,`ft_86_g_sports_concept_10`,Toyota FT-86 G SPORTS Concept '10,0004/0083
1581,`gt_by_citroen_road_xx`,GT by Citroën Road Car,0042/0013
1582,`miura_p400_proto_67`,Lamborghini Miura P400 Bertone Prototype CN.0706 '67,0228/0006
1583,`r10_tdi_06_cf`,Audi R10 TDI Stealth Model,0057/0026
1586,`epson_nsx_08_cf`,Honda NSX GT500 Stealth Model,0005/0101
1587,`_787b_91_cf`,Mazda 787B Stealth Model,0001/0101
1588,`mclaren_f1_94_cf`,McLaren F1 Stealth Model,0077/0004
1589,`sls_amg_10_cf`,Mercedes-Benz SLS AMG Stealth Model,0053/0024
1590,`xanavi_nismo_gtr_08_cf`,Nissan GT-R GT500 Stealth Model,0003/0152
1626,`r92cp_92_std`,Nissan R92CP '92,0003/0067
1627,`nascar_impala_14_10`,2010 Tony Stewart #14 Office Depot/Old Spice CHEVROLET IMPALA,0022/0024
1628,`nascar_impala_24_10`,2010 Jeff Gordon #24 DuPont CHEVROLET IMPALA,0022/0025
1629,`nascar_impala_48_10`,2010 Jimmie Johnson #48 Lowe's CHEVROLET IMPALA,0022/0026
1630,`nascar_impala_88_10`,2010 Dale Earnhardt Jr. #88 AMP Energy/National Guard CHEVROLET IMPALA,0022/0027
1631,`murcielago_lp670_4_sv_09`,Lamborghini Murciélago LP 670-4 SuperVeloce '09,0228/0007
1632,`cr_z_a_10`,Honda CR-Z a '10,0005/0104
1633,`impreza_sedan_wrx_sti_10`,Subaru IMPREZA Sedan WRX STI '10,0020/0035
1644,`r8_v10_09`,Audi R8 5.2 FSI quattro '09,0057/0028
1645,`tz2_1965`,Alfa Romeo GIULIA TZ2 carrozzata da ZAGATO CN.AR750106 '65,0010/0015
1646,`_908_hdi_fap_peugeot_sport_10`,Peugeot 908 HDi FAP - Team Peugeot Total '10,0025/0017
1647,`pdi_racing_kart_100_xx`,Gran Turismo RACING KART 100 SPL.,0188/0011
1648,`nomado_diablo_gt1_00`,Lamborghini NOMAD Diablo GT-1 '00,0228/0008
1649,`r8_v10_09_crl`,Audi R8 5.2 FSI quattro Chrome Line,0057/0029
1650,`m3_coupe_07_crl`,BMW M3 Coupé Chrome Line,0007/0022
1651,`xj13_66_crl`,Jaguar XJ13 Chrome Line,0008/0013
1652,`murcielago_lp640_09_crl`,Lamborghini Murciélago LP 640 Chrome Line,0228/0009
1653,`_300sl_coupe_54_crl`,Mercedes-Benz 300 SL Coupé Chrome Line,0053/0027
1654,`cobra_67_crl`,Shelby Cobra 427 S/C Chrome Line,0071/0005
1656,`nascar_impala_42_10`,2010 Juan Montoya #42 Target CHEVROLET IMPALA,0022/0031
1659,`nascar_camry_11_10`,2010 Denny Hamlin #11 FedEx TOYOTA CAMRY,0004/0085
1660,`nascar_camry_18_10`,2010 Kyle Busch #18 M&M'S® TOYOTA CAMRY,0004/0086
1661,`nascar_camry_20_10`,2010 Joey Logano #20 The Home Depot TOYOTA CAMRY,0004/0087
1663,`nascar_camry_83_10`,2010 Brian Vickers #83 Red Bull TOYOTA CAMRY,0004/0089
1664,`nascar_fusion_43_10`,2010 AJ Allmendinger #43 Best Buy FORD FUSION,0002/0022
1665,`nascar_fusion_99_10`,2010 Carl Edwards #99 Aflac FORD FUSION,0002/0021
1669,`kubelwagen_typ82_44`,Volkswagen Kübelwagen Typ 82 '44,0037/0019
1670,`schwimmwagen_typ166_42`,Volkswagen Schwimmwagen Typ 166 '42,0037/0020
1671,`typ2_t1_sambabus_62`,Volkswagen Sambabus Typ 2 (T1) '62,0037/0021
1672,`gtg_70_mustang_trans_cammer_xx`,Grand Touring Garage 1970 Ford Mustang Trans-Cammer,0237/0001
1679,`acura_nsx_91_rm`,Acura NSX LM Race Car '91,0040/0033
1682,`camaro_ss_10_rm`,Chevrolet Camaro SS Touring Car '10,0022/0033
1683,`camaro_z28_302_69_rm`,Chevrolet Camaro Z28 Race Car '69,0022/0034
1684,`corvette_zr1_09_rm`,Chevrolet Corvette ZR1 (C6) LM Race Car '09,0022/0035
1685,`challenger_rt_70_rm`,Dodge Challenger R/T Race Car '70,0051/0017
1686,`challenger_srt8_08_rm`,SRT Challenger SRT8 Touring Car,0051/0018
1689,`civic_r_97_rm`,Honda CIVIC TYPE R (EK) Touring Car '97,0005/0105
1690,`cr_z_a_10_rm`,Honda CR-Z Touring Car,0005/0107
1691,`integra_r_04_rm`,Honda INTEGRA TYPE R (DC5) Touring Car '04,0005/0106
1694,`is_f_07_rm`,Lexus IS F Touring Car '07,0074/0022
1696,`elise_96_rm`,Lotus Elise Race Car '96,0009/0022
1697,`elise_111r_04_rm`,Lotus Elise 111R Race Car '04,0009/0021
1701,`rx7_spiritr_a_02_rm`,Mazda RX-7 Touring Car,0001/0110
1703,`lancer_evo9_gsr_05_rm`,Mitsubishi Lancer Evolution IX    GSR Touring Car '05,0012/0082
1704,`lancer_evo10_gsr_premium_07_rm`,Mitsubishi Lancer Evolution X    Rally Car,0012/0083
1707,`gtr_specv_09_rm`,Nissan GT-R R35 Touring Car,0003/0166
1708,`s15_silvia_specr_aero_02_rm`,Nissan SILVIA spec-R AERO (S15) Touring Car '02,0003/0160
1709,`r33_gtr_v_97_rm`,Nissan SKYLINE GT-R R33 Touring Car,0003/0163
1710,`r32_gtr_v2_94_rm`,Nissan SKYLINE GT-R R32 Touring Car,0003/0162
1711,`r34_gtr_v2_nur_02_rm`,Nissan SKYLINE GT-R R34 Touring Car,0003/0164
1712,`impreza_wrx_sti_c_ra_05_rm`,Subaru IMPREZA Sedan WRX STI Rally Car '05,0020/0036
1714,`cappuccino_95_rm`,Suzuki Cappuccino (EA21R) Race Car '95,0006/0020
1716,`prius_g_09_rm`,Toyota PRIUS Touring Car,0004/0090
1718,`tuscan_speed6_00_rm`,TVR Tuscan Speed 6 Touring Car '00,0015/0012
1719,`golf_gti_5dr_01_rm`,Volkswagen Golf IV GTI Touring Car '01,0037/0022
1720,`gtr_specv_09_ac`,Nissan GT-R SpecV (GT Academy 2010),0003/0159
1722,`mp4_12c_10`,McLaren MP4-12C '10,0077/0005
1723,`v12_vantage_10`,Aston Martin V12 Vantage '10,0062/0008
1724,`spoon_cr_z_10`,Spoon CR-Z,0072/0006
1725,`_908_hdi_fap_oreca_10`,Peugeot 908 HDi FAP - Team Oreca Matmut '10,0025/0018
1726,`f10_10`,Ferrari F10 '10,0225/0020
1729,`mustang_mach1_71`,Ford Mustang Mach 1 '71,0002/0020
1732,`x1_f_10`,Gran Turismo Red Bull X2010 Prototype,0188/0012
1733,`x1_10`,Gran Turismo Red Bull X2010 S.Vettel,0188/0014
1738,`impreza_wrx_sti_c_18_09`,Subaru IMPREZA WRX STI spec C '09,0020/0037
1739,`corvette_z06_06_rm`,Chevrolet Corvette Z06 (C6) LM Race Car '06,0022/0036
1740,`x1_p_10`,Gran Turismo Red Bull X2010,0188/0013
1744,`gtr_specv_09_ac_sp`,Nissan GT-R SpecV (GT Academy SPECIAL),0003/0167
1746,`roadster_89_rm`,Mazda Roadster Touring Car,0001/0109
1747,`impreza_sedan_wrx_sti_10_rm`,Subaru IMPREZA Touring Car,0020/0038
1749,`nascar_impala_14_11`,2011 Tony Stewart #14 Office Depot CHEVROLET IMPALA,0022/0039
1750,`nascar_impala_24_11`,2011 Jeff Gordon #24 Drive to End Hunger CHEVROLET IMPALA,0022/0040
1751,`nascar_impala_42_11`,2011 Juan Montoya #42 Target CHEVROLET IMPALA,0022/0043
1752,`nascar_impala_48_11`,2011 Jimmie Johnson #48 Lowe's CHEVROLET IMPALA,0022/0041
1753,`nascar_impala_88_11`,2011 Dale Earnhardt Jr. #88 AMP Energy/National Guard CHEVROLET IMPALA,0022/0042
1754,`nascar_fusion_43_11`,2011 AJ Allmendinger #43 Best Buy FORD FUSION,0002/0024
1755,`nascar_fusion_99_11`,2011 Carl Edwards #99 Aflac FORD FUSION,0002/0023
1756,`nascar_camry_11_11`,2011 Denny Hamlin #11 FedEx TOYOTA CAMRY,0004/0091
1757,`nascar_camry_18_11`,2011 Kyle Busch #18 M&M'S® TOYOTA CAMRY,0004/0092
1758,`nascar_camry_20_11`,2011 Joey Logano #20 The Home Depot TOYOTA CAMRY,0004/0093
1759,`nascar_camry_83_11`,2011 Brian Vickers #83 Red Bull TOYOTA CAMRY,0004/0094
1760,`pdi_racing_kart_50_xx`,Gran Turismo RACING KART Jr.,0188/0019
1761,`pdi_racing_kart_125_xx`,Gran Turismo RACING KART 125,0188/0020
1763,`mini_cooper_s_11`,MINI COOPER S '11,0050/0007
1764,`mini_cooper_s_cm_11`,MINI COOPER S Countryman (R60) '11,0050/0008
1765,`gtr_n24_sms_11`,Nissan GT-R N24 Schulze Motorsport '11,0003/0168
1766,`x2011_f_11`,Gran Turismo Red Bull X2011 Prototype,0188/0021
1767,`racing_kart_100_xx`,Gran Turismo RACING KART 100,0188/0022
1768,`toyota_86_12`,TOYOTA 86 GT '12,0004/0095
1769,`ft_86_2_concept_11`,Toyota FT-86II concept '11,0004/0096
1770,`aventador_lp700_4_11`,Lamborghini Aventador LP 700-4 '11,0228/0010
1771,`leaf_g_11`,Nissan Leaf G '11,0003/0161
1772,`golf_r_10`,Volkswagen Golf VI R '10,0037/0024
1773,`scirocco_r_10`,Volkswagen Scirocco R '10,0037/0023
1774,`gtr_black_12`,Nissan GT-R Black edition '12,0003/0169
1775,`racing_kart_125_sp_xx`,Gran Turismo RACING KART 125 SPL.,0188/0023
1776,`fr_s_12`,Scion FR-S '12,0187/0003
1778,`volkswagen_1200_66`,Volkswagen 1200 '66,0037/0025
1792,`quattro_s1_86`,Audi Sport quattro S1 Rally Car '86,0057/0030
1793,`r8_gt3_oreca_10`,Audi R8 LMS - Team Oreca '10,0057/0031
1794,`cizeta_v16t_94_prm`,Cizeta V16T '94,0059/0002
1795,`europa_s2_68`,Lotus Europa S.2 '68,0009/0024
1796,`alpine_a110_1600s_68`,Alpine A110 1600S '72,0023/0003
1797,`sls_amg_gt3_11`,Mercedes-Benz SLS AMG GT3 '11,0053/0028
1798,`veyron_16_4_09_prm`,Bugatti Veyron 16.4 '09,0229/0004
1800,`brz_s_12`,Subaru BRZ S '12,0020/0039
1801,`weider_hsv_010_11`,Honda weider HSV-010 '11,0005/0108
1802,`gtr_n24_gta_12`,Nissan GT-R N24 GT Academy '12,0003/0179
1804,`corvette_c7_proto_13_bm_un`,XXXXXXX,0022/0045
1805,`corvette_c7_proto_13_bm`,Chevrolet Corvette C7 Test Prototype,0022/0046
1809,`corvette_c7_proto_13`,Chevrolet 2014 Corvette Stingray Final Prototype,0022/0047
1810,`nsx_concept2_13`,Honda NSX CONCEPT '13,0005/0109
1811,`acura_nsx_concept2_13`,Acura NSX CONCEPT '13,0040/0035
1893,`z8_01`,BMW Z8 '01,0007/0026
1894,`countach_lp400_74_prm`,Lamborghini Countach LP400 '74,0228/0013
1895,`dino_246gt_69`,Ferrari Dino 246 GT '71,0225/0024
1896,`tesla_model_s_sig_perf_12`,Tesla Motors Model S Signature Performance '12,0236/0002
1897,`tz3_stradale_11`,Alfa Romeo TZ3 Stradale '11,0010/0017
1898,`one_77_11`,Aston Martin One-77 '11,0062/0009
1899,`reventon_08`,Lamborghini Reventon '08,0228/0014
1900,`xnr_ghia_roadster_60`,Plymouth XNR Ghia Roadster '60,0026/0005
1901,`deltawing_12`,DeltaWing sponsored by Nissan at LeMans 2012,0003/0185
1902,`z4_gt3_11`,BMW Z4 GT3 '11,0007/0023
1903,`m3_gt2_10`,BMW E92 M3 (BMW Motorsport) '10,0007/0024
1904,`m3_gt2_11`,BMW M3 GT (BMW Motorsport) '11,0007/0025
1905,`gtr_nismo_gt3_13`,Nissan GT-R NISMO GT3 N24 Schulze Motorsport '13,0003/0180
1906,`r8_lms_ultra_12`,Audi R8 LMS ultra (Audi Sport Team Phoenix) '12,0057/0033
1907,`x_bow_r_12`,KTM X-BOW R '12,0239/0001
1908,`xkr_s_11`,Jaguar XKR-S '11,0008/0014
1909,`rocket_07`,Light Car Company Rocket '07,0243/0001
1912,`_370z_08_eu_ac13`,Nissan 370Z (GT Academy 2013),0003/0182
1913,`gtr_black_12_ac13`,Nissan GT-R Black edition (GT Academy 2013),0003/0181
1914,`leaf_g_11_ac13`,Nissan Leaf G (GT Academy 2013),0003/0186
1915,`_370z_08_t_eu_ac13`,Nissan 370Z Tuned Car (GT Academy 2013),0003/0187
1916,`corvette_c7_14`,Chevrolet Corvette Stingray (C7) '14,0022/0049
1917,`corvette_coupe_63_prm`,Chevrolet Corvette Coupe (C2) '63,0022/0048
1918,`sauber_mercedes_c9_89_prm`,Mercedes-Benz Sauber Mercedes C9 '89,0053/0029
1919,`lancer_evo6_tommi_gsr_00_prm`,Mitsubishi Lancer Evolution VI    GSR T.M. EDITION '00,0012/0084
1920,`lancer_evo6_tommi_rs_00_prm`,Mitsubishi Lancer Evolution VI    RS T.M. EDITION '00,0012/0085
1922,`_2000_gt_67_prm`,Toyota 2000GT '67,0004/0100
1923,`cts_v_coupe_11`,Cadillac CTS-V Coupe '11,0056/0002
1924,`jayleno_olds_tornado_xx`,Jay Leno 1966 Oldsmobile Toronado,0171/0002
1925,`gt350_65`,Shelby GT350 '65,0071/0007
1926,`cobra_coupe_64`,Shelby Cobra Daytona Coupe '64,0071/0006
1927,`quattro_s1_pikespeak_87`,Audi Sport quattro S1 Pikes Peak '87,0057/0032
1928,`stielow_eng_red_devil_xx`,Stielow Engineering Red Devil,0240/0001
1929,`pozzi_camaro_rs_xx`,Pozzi MotorSports Camaro RS,0245/0001
1930,`elise_11`,Lotus Elise '11,0009/0025
1931,`_250_gt_berlinetta_swb_61`,Ferrari 250 GT Berlinetta passo corto  CN.2521 '61,0225/0022
1932,`abarth_1500_biposto_bertone_52`,Abarth 1500 Biposto Bertone B.A.T 1 '52,0140/0003
1933,`mito_14_t_sport_09`,Alfa Romeo MiTo 1.4 T Sport '09,0010/0016
1934,`mustang_shelby_gt500_13`,Ford Shelby GT500 '13,0002/0026
1935,`gt40_mk1_66`,Ford GT40 Mark I '66,0002/0025
1936,`lunar_roving_vehicle_71`,Gran Turismo Lunar Roving Vehicle LRV-001 '71,0188/0029
1937,`huayra_11`,Pagani Huayra '11,0080/0006
1938,`_507_57`,BMW 507 '57,0007/0027
1939,`karma_ecosport_12`,Fisker Karma EcoSport '12,0244/0001
1940,`focus_st_13`,Ford Focus ST '13,0086/0010
1941,`stratos_73_prm`,Lancia STRATOS '73,0043/0007
1942,`cizeta_v16t_94_prm_15anv`,Cizeta V16T 15th Anniversary Edition '94,0059/0003
1944,`r8_lms_ultra_12_15anv`,Audi R8 LMS ultra 15th Anniversary Edition '12,0057/0034
1946,`corvette_c7_14_15anv`,Chevrolet Corvette Stingray (C7) 15th Anniversary Edition '14,0022/0051
1947,`mustang_shelby_gt500_13_15anv`,Ford Shelby GT500 15th Anniversary Edition '13,0002/0028
1948,`weider_hsv_010_11_15anv`,Honda HSV-010 GT 15th Anniversary Edition '11,0005/0111
1949,`x_bow_r_12_15anv`,KTM X-BOW R 15th Anniversary Edition '12,0239/0002
1951,`is_f_racing_concept_08_15anv`,Lexus IS F Racing Concept 15th Anniversary Edition '08,0074/0024
1952,`sls_amg_gt3_11_15anv`,Mercedes-Benz SLS AMG GT3 15th Anniversary Edition '11,0053/0030
1953,`gtr_nismo_gt3_13_15anv`,Nissan GT-R NISMO GT3 15th Anniversary Edition '13,0003/0188
1954,`tesla_model_s_sig_perf_12_15anv`,Tesla Motors Model S Signature Performance 15th Anniversary Edition '12,0236/0003
1955,`scirocco_gt24_08`,Volkswagen Scirocco GT24 (Volkswagen Motorsport) '08,0037/0027
1956,`viper_gts_13`,SRT Viper GTS '13,0241/0002
1957,`scirocco_gt24_08_15anv`,Volkswagen Scirocco GT24 15th Anniversary Edition '08,0037/0026
1958,`viper_gts_13_15anv`,SRT Viper GTS 15th Anniversary Edition '13,0241/0003
1959,`z8_01_15anv`,BMW Z8 15th Anniversary Edition '01,0007/0030
1960,`stratos_73_prm_15anv`,Lancia STRATOS 15th Anniversary Edition '73,0043/0008
1961,`gt40_mk1_66_15anv`,Ford GT40 Mark I 15th Anniversary Edition '66,0002/0030
1962,`alpine_a110_1600s_68_15anv`,Alpine A110 1600S 15th Anniversary Edition '72,0023/0004
1963,`europa_s2_68_15anv`,Lotus Europa S.2 15th Anniversary Edition '68,0009/0027
1964,`megane_trophy_09_15anv`,Renault Sport Mégane Trophy 15th Anniversary Edition '11,0044/0021
1965,`r18_tdi_11`,Audi R18 TDI (Audi Sport Team Joest) '11,0057/0035
1966,`r18_tdi_11_15anv`,Audi R18 TDI 15th Anniversary Edition '11,0057/0036
1967,`corvette_coupe_63_prm_15anv`,Chevrolet Corvette Coupe (C2) 15th Anniversary Edition '63,0022/0052
1968,`focus_st_13_15anv`,Ford Focus ST 15th Anniversary Edition '13,0086/0011
1969,`huayra_11_15anv`,Pagani Huayra 15th Anniversary Edition '13,0080/0007
1970,`cobra_coupe_64_15anv`,Shelby Cobra Daytona Coupe 15th Anniversary Edition '64,0071/0008
1971,`quattro_s1_86_15anv`,Audi Sport quattro S1 Rally Car 15th Anniversary Edition '86,0057/0037
1972,`toyota_86_12_15anv`,TOYOTA 86 GT 15th Anniversary Edition '12,0004/0101
1973,`abarth_500_09`,Abarth 500 '09,0140/0001
1974,`fit_rs_10`,Honda FIT RS '10,0005/0110
1975,`rx500_70`,Mazda RX500 '70,0001/0111
1976,`gsr_hatsunemiku_bmw_12`,BMW GSR Hatsune Miku BMW '12,0007/0028
1977,`mustang_boss_302_13`,Ford Mustang Boss 302 '13,0002/0027
1978,`el_camino_ss398_67`,Chevrolet El Camino SS 396 '67,0022/0044
1979,`charger_srt8_11`,SRT Charger SRT8 '11,0241/0001
1981,`toyota_86_gazoo_12`,GAZOO Racing TOYOTA 86 #166 '12,0004/0099
1982,`trd_86_racing_13`,"TOYOTA 86 ""Racing"" '13",0060/0002
1983,`vitz_f_12`,Toyota Vitz F '12,0004/0098
1984,`mclaren_f1_gtr_lemans_95`,McLaren F1 GTR - BMW (Kokusai Kaihatsu UK Racing) '95,0077/0006
1985,`firebird_transam_78`,Pontiac Firebird Trans Am '78,0021/0006
1986,`r8_gordini_rally_66`,Renault R8 Gordini '66,0044/0018
1987,`megane_renaultsport_11`,Renault Sport Mégane R.S. Trophy '11,0044/0019
1988,`europa_special_72`,Lotus Europa Special '72,0009/0026
1989,`clio_renaultsport_11`,Renault Sport Clio R.S. '11,0044/0020
1990,`diablo_gt_00`,Lamborghini Diablo GT '00,0228/0011
1991,`countach_25th_88_prm`,Lamborghini Countach 25th Anniversary '88,0228/0016
1992,`monster_sx4_pikespeak_11`,2011 Monster Sport SX4 Pikes Peak Special,0247/0001
1994,`abarth_grande_punto_09`,Abarth Grande Punto '09,0140/0002
1995,`ford_gt_05_prm`,Ford GT '05,0002/0029
1996,`brz_rd_sport_12`,SUBARU BRZ R&D SPORT '12,0020/0041
1997,`rcz_10`,Peugeot RCZ '10,0025/0019
1998,`demio_sport_10`,Mazda DEMIO SPORT '10,0001/0112
2000,`nascar_chevrolet_ss_14_13`,2013 Tony Stewart #14 Bass Pro Shops CHEVROLET SS,0022/0053
2001,`nascar_chevrolet_ss_24_13`,2013 Jeff Gordon #24 Drive to End Hunger CHEVROLET SS,0022/0055
2002,`nascar_chevrolet_ss_42_13`,2013 Juan Montoya #42 Target CHEVROLET SS,0022/0056
2003,`nascar_chevrolet_ss_48_13`,2013 Jimmie Johnson #48 Lowe's CHEVROLET SS,0022/0054
2004,`nascar_chevrolet_ss_88_13`,2013 Dale Earnhardt Jr. #88 National Guard CHEVROLET SS,0022/0057
2005,`nascar_fusion_43_13`,2013 Aric Almirola #43 Farmland FORD FUSION,0002/0032
2006,`nascar_fusion_99_13`,2013 Carl Edwards #99 Fastenal FORD FUSION,0002/0031
2007,`nascar_camry_11_13`,2013 Denny Hamlin #11 FedEx TOYOTA CAMRY,0004/0102
2008,`nascar_camry_18_13`,2013 Kyle Busch #18 M&M'S® TOYOTA CAMRY,0004/0103
2009,`nascar_camry_20_13`,2013 Matt Kenseth #20 Dollar General/Home Depot TOYOTA CAMRY,0004/0104
2010,`_250_gto_62`,Ferrari 250 GTO  CN.3729GT '62,0225/0025
2012,`evoque_coupe_dynamic_13`,Land Rover Range Rover Evoque Coupe Dynamic '13,0130/0002
2013,`keihin_hsv_010_12`,Honda KEIHIN HSV-010 '12,0005/0112
2014,`diablo_gt2_98`,Lamborghini Diablo GT2 '98,0228/0012
2016,`nova_ss_375_70`,Chevrolet Nova SS '70,0022/0050
2017,`_288_gto_84`,Ferrari GTO '84,0225/0021
2018,`_365_gtb4_71`,Ferrari 365 GTB4 '71,0225/0023
2019,`raybrig_hsv_010_12`,Honda RAYBRIG HSV-010 '12,0005/0115
2022,`viper_gts_launch_13`,SRT Viper GTS Launch Edition '13,0241/0004
2023,`lfa_nur_12`,Lexus LFA Nürburgring Package '12,0074/0028
2024,`is_f_ccsr_11`,Lexus IS F CCS-R '11,0074/0029
2025,`fxx_07`,Ferrari FXX '07,0225/0027
2026,`aqua_s_11`,Toyota Aqua S '11,0004/0107
2030,`arta_garaiya_08_color`,Autobacs Garaiya GT300 Base Model '08,0084/0004
2031,`m3_gt2_11_color`,BMW M3 GT2 Base Model '11,0007/0031
2033,`epson_nsx_08_color`,Honda NSX GT500 Base Model '08,0005/0113
2034,`keihin_hsv_010_12_color`,Honda HSV-010 GT Base Model '12,0005/0114
2035,`petronas_toms_sc430_08_color`,Lexus SC430 GT500 Base Model '08,0074/0026
2036,`weds_sport_is350_08_color`,Lexus IS350 GT300 Base Model '08,0074/0027
2037,`mclaren_f1_gtr_lemans_95_color`,McLaren F1 GTR Race Car Base Model '95,0077/0007
2038,`monster_sx4_pikespeak_11_color`,Monster Sport SX4 Base Model '11,0247/0003
2039,`xanavi_nismo_gtr_08_color`,Nissan GT-R GT500 Base Model '08,0003/0189
2040,`gtr_nismo_gt3_13_color`,Nissan GT-R NISMO GT3 Base Model '13,0003/0190
2041,`_908_hdi_fap_peugeot_sport_10_color`,Peugeot 908 HDi FAP Base Model '10,0025/0020
2042,`amemiya_aspara_rx7_06_color`,RE Amemiya RX7 GT300 Base Model '06,0001/0113
2043,`megane_trophy_09_color`,Renault Sport Mégane Trophy Base Model '11,0044/0022
2044,`cusco_dunlop_impreza_08_color`,Subaru IMPREZA GT300 Base Model '08,0020/0042
2045,`brz_rd_sport_12_color`,Subaru BRZ GT300 Base Model '12,0020/0043
2046,`toyota_86_gazoo_12_color`,Toyota 86 Race Car Base Model '12,0004/0105
2047,`scirocco_gt24_08_color`,Volkswagen Scirocco GT24 Base Model '08,0037/0028
2048,`panoz_deltawing_13`,2013 DeltaWing,0081/0002
2049,`veyron_16_4_13`,Bugatti Veyron 16.4 '13,0229/0005
2050,`huayra_13`,Pagani Huayra '13,0080/0008
2051,`genesis_coupe_38_track_13`,Hyundai Genesis Coupe 3.8 Track '13,0083/0013
2052,`aar_cuda_340_6_70`,Plymouth AAR Cuda 340 Six Barrel '70,0026/0006
2053,`x2014_14`,Gran Turismo Red Bull X2014 Fan Car,0188/0032
2055,`mercedes_amg_vision_gt_13`,Mercedes-Benz AMG Vision Gran Turismo,0053/0031
2056,`xanavi_nismo_z_06_color`,Nissan Z GT500 Base Model '06,0003/0191
2057,`yellowhat_yms_supra_05_color`,Toyota Supra GT500 Base Model '05,0004/0108
2059,`corvette_racer_concept_59`,Chevrolet Corvette StingRay Racer Concept '59,0022/0059
2060,`pdi_mission_kart_125_xx`,Gran Turismo RACING KART 125 Shifter,0188/0031
2061,`monster_e_runner_pikespeak_12`,Tajima 2012 Monster Sport E-RUNNER Pikes Peak Special,0247/0002
2062,`x_bow_street_12`,KTM X-BOW Street '12,0239/0003
2063,`s206_nbr_challenge_12`,Subaru S206 NBR CHALLENGE PACKAGE '12,0020/0045
2071,`r8_lms_ultra_base_12`,Audi R8 LMS ultra '12,0057/0041
2072,`r18_tdi_proto_11`,Audi R18 TDI Prototype '11,0057/0042
2073,`gtr_nismo_gt3_base_13`,Nissan GT-R NISMO GT3 '13,0003/0192
2074,`m4_14`,BMW M4 Coupé,0007/0033
2075,`hudson_mario_48`,Mario Andretti's 1948 Hudson,0097/0001
2076,`mercedes_amg_vision_gt_race_13`,Mercedes-Benz AMG Vision Gran Turismo Racing Series,0053/0032
2077,`x2014_std_14`,Gran Turismo Red Bull X2014 Standard,0188/0033
2078,`x2014_jr_14`,Gran Turismo Red Bull X2014 Junior,0188/0034
2079,`rb_racing_kart_125_xx`,Gran Turismo Red Bull Racing Kart 125,0188/0035
2080,`ft_1_14`,Toyota FT-1,0004/0106
2085,`corvette_stingray_gtc_13`,Chevrolet Corvette Stingray Gran Turismo Concept '13,0022/0060
2086,`m4_14_sp_color`,BMW M4 Coupé Frozen Black Metallic,0007/0034
2087,`bmw_vision_gt_14`,BMW Vision Gran Turismo,0007/0035
2088,`leaf_g_11_ac14`,Nissan Leaf G (GT Academy 2014),0003/0193
2089,`_370z_08_eu_ac14`,Nissan 370Z (GT Academy 2014),0003/0194
2091,`lotus_97t_85`,LOTUS 97T '85,0009/0028
2093,`gtr_nismo_gt3_ac_rjn_13`,GT-R NISMO GT3 Nissan GT Academy Team RJN '13,0003/0196
2094,`gtr_black_12_ac14`,Nissan GT-R Black edition (GT Academy 2014),0003/0195
2095,`mitsubishi_vision_gt_14`,Mitsubishi Concept XR-PHEV EVOLUTION Vision Gran Turismo,0012/0086
2096,`ralt_rt3_83`,West Surrey Racing 1983 Ayrton Senna,0256/0002
2097,`dap_racing_kart_80`,Ayrton Senna DAP Racing Kart #17 '80,0256/0001
2098,`vw3_vision_gt_14`,Volkswagen GTI Roadster Vision Gran Turismo,0037/0030
2099,`subaru_vision_gt_14`,SUBARU VIZIV GT Vision Gran Turismo,0020/0046
2101,`ts030_hybrid_12`,Toyota TS030 Hybrid '12,0004/0109
2102,`nissan_vision_gt_14`,NISSAN CONCEPT 2020 Vision Gran Turismo,0003/0197
2103,`astonmartin_vision_gt_14`,Aston Martin DP-100 Vision Gran Turismo,0062/0011
2104,`gtr_nismo_14`,Nissan GT-R NISMO '14,0061/0008
2105,`ft_1_14_sp`,Toyota FT-1 graphite,0004/0112
2106,`toyota_vision_gt_14`,Toyota FT-1 Vision Gran Turismo,0004/0111
2107,`chaparral_vision_gt_14`,Chevrolet Chaparral 2X Vision Gran Turismo,0178/0003
2108,`srt_tr_vision_gt_35`,SRT Tomahawk X Vision Gran Turismo,0241/0006
2109,`mini_vision_gt_14`,MINI Clubman Vision Gran Turismo,0050/0009
2110,`srt_lr_vision_gt_35`,SRT Tomahawk GTS-R Vision Gran Turismo,0241/0007
2111,`srt_st_vision_gt_35`,SRT Tomahawk S Vision Gran Turismo,0241/0005
2112,`alpine_vision_gt_14`,Alpine Vision Gran Turismo,0023/0005
2113,`peugeot_vision_gt_14`,PEUGEOT Vision Gran Turismo,0025/0022
2114,`m4_14_mp`,BMW M4 M Performance Edition,0007/0036
2116,`alpine_vision_gt_14_blue`,Alpine Vision Gran Turismo Race Mode,0023/0007
2117,`infiniti_vision_gt_14`,INFINITI CONCEPT Vision Gran Turismo,0085/0007
2118,`mazda_lm55_vision_gt_14`,Mazda LM55 Vision Gran Turismo,0001/0117
2123,`lf_lc_gt_vision_gt_15`,LEXUS LF-LC GT "Vision Gran Turismo",0074/0031
2124,`vw1_vision_gt_15`,Volkswagen GTI Supersport Vision Gran Turismo,0037/0032
2125,`gtr_nismo_14_ac_15`,Nissan GT-R NISMO (GT Academy 2015),0061/0009
2126,`gtr_nismo_gt3_ac_rjn_13_ac_15`,GT-R NISMO GT3 Nissan GT Academy Team RJN (GT Academy 2015),0003/0201
2127,`gtr_lm_nismo_15`,Nissan GT-R LM NISMO '15,0003/0199
2128,`gtr_lm_nismo_15_ac`,Nissan GT-R LM NISMO (GT Academy 2015),0003/0204
2129,`zytek_z11sn_greaves_13`,Nissan Zytek Z11SN Greaves Motorsport '13,0003/0200
2130,`zytek_z11sn_greaves_13_ac`,Nissan Zytek Z11SN Greaves Motorsport (GT Academy 2015),0003/0203
